Rule,Support,Confidence,Lift
IRのデータ 粘度 良好 =>IRのデータ 水分 良好,0.03571428571428571,1.0,28.0
全酸価 水分 良好 =>IRのデータ 水分 良好,0.03571428571428571,1.0,28.0
全酸価 粘度 良好 =>IRのデータ 水分 良好,0.03571428571428571,1.0,28.0
計数汚染度 当社推奨の管理限界値内 水分 ある =>IRのデータ 水分 良好,0.03571428571428571,1.0,28.0
重量汚染度 水分 汚染する =>IRのデータ 水分 良好,0.03571428571428571,1.0,28.0
IRのデータ 水分 良好 =>IRのデータ 粘度 良好,0.03571428571428571,1.0,28.0
全酸価 水分 良好 =>IRのデータ 粘度 良好,0.03571428571428571,1.0,28.0
全酸価 粘度 良好 =>IRのデータ 粘度 良好,0.03571428571428571,1.0,28.0
計数汚染度 当社推奨の管理限界値内 水分 ある =>IRのデータ 粘度 良好,0.03571428571428571,1.0,28.0
重量汚染度 水分 汚染する =>IRのデータ 粘度 良好,0.03571428571428571,1.0,28.0
シリコングリース シール部 塗布する =>IRのデータ 良好の範囲 ある,0.03571428571428571,1.0,28.0
シリコングリース 潤滑油 混入する =>IRのデータ 良好の範囲 ある,0.03571428571428571,1.0,28.0
シリコン系の添加剤 検出する =>IRのデータ 良好の範囲 ある,0.03571428571428571,1.0,28.0
全酸価 良好の範囲 ある =>IRのデータ 良好の範囲 ある,0.03571428571428571,1.0,28.0
消泡剤の投与 シール部 砂 シール部 する =>IRのデータ 良好の範囲 ある,0.03571428571428571,1.0,28.0
潤滑油中 検出する =>IRのデータ 良好の範囲 ある,0.03571428571428571,1.0,28.0
砂 フィルタ 検出する =>IRのデータ 良好の範囲 ある,0.03571428571428571,1.0,28.0
砂 フィルタ表面の異物観察 検出する =>IRのデータ 良好の範囲 ある,0.03571428571428571,1.0,28.0
砂 フェログラフィー 検出する =>IRのデータ 良好の範囲 ある,0.03571428571428571,1.0,28.0
箇所 砂 ある =>IRのデータ 良好の範囲 ある,0.03571428571428571,1.0,28.0
IRのデータ 良好の範囲 ある =>シリコングリース シール部 塗布する,0.03571428571428571,1.0,28.0
シリコングリース 潤滑油 混入する =>シリコングリース シール部 塗布する,0.03571428571428571,1.0,28.0
シリコン系の添加剤 検出する =>シリコングリース シール部 塗布する,0.03571428571428571,1.0,28.0
全酸価 良好の範囲 ある =>シリコングリース シール部 塗布する,0.03571428571428571,1.0,28.0
消泡剤の投与 シール部 砂 シール部 する =>シリコングリース シール部 塗布する,0.03571428571428571,1.0,28.0
潤滑油中 検出する =>シリコングリース シール部 塗布する,0.03571428571428571,1.0,28.0
砂 フィルタ 検出する =>シリコングリース シール部 塗布する,0.03571428571428571,1.0,28.0
砂 フィルタ表面の異物観察 検出する =>シリコングリース シール部 塗布する,0.03571428571428571,1.0,28.0
砂 フェログラフィー 検出する =>シリコングリース シール部 塗布する,0.03571428571428571,1.0,28.0
箇所 砂 ある =>シリコングリース シール部 塗布する,0.03571428571428571,1.0,28.0
IRのデータ 良好の範囲 ある =>シリコングリース 潤滑油 混入する,0.03571428571428571,1.0,28.0
シリコングリース シール部 塗布する =>シリコングリース 潤滑油 混入する,0.03571428571428571,1.0,28.0
シリコン系の添加剤 検出する =>シリコングリース 潤滑油 混入する,0.03571428571428571,1.0,28.0
全酸価 良好の範囲 ある =>シリコングリース 潤滑油 混入する,0.03571428571428571,1.0,28.0
消泡剤の投与 シール部 砂 シール部 する =>シリコングリース 潤滑油 混入する,0.03571428571428571,1.0,28.0
潤滑油中 検出する =>シリコングリース 潤滑油 混入する,0.03571428571428571,1.0,28.0
砂 フィルタ 検出する =>シリコングリース 潤滑油 混入する,0.03571428571428571,1.0,28.0
砂 フィルタ表面の異物観察 検出する =>シリコングリース 潤滑油 混入する,0.03571428571428571,1.0,28.0
砂 フェログラフィー 検出する =>シリコングリース 潤滑油 混入する,0.03571428571428571,1.0,28.0
箇所 砂 ある =>シリコングリース 潤滑油 混入する,0.03571428571428571,1.0,28.0
IRのデータ 良好の範囲 ある =>シリコン系の添加剤 検出する,0.03571428571428571,1.0,28.0
シリコングリース シール部 塗布する =>シリコン系の添加剤 検出する,0.03571428571428571,1.0,28.0
シリコングリース 潤滑油 混入する =>シリコン系の添加剤 検出する,0.03571428571428571,1.0,28.0
全酸価 良好の範囲 ある =>シリコン系の添加剤 検出する,0.03571428571428571,1.0,28.0
消泡剤の投与 シール部 砂 シール部 する =>シリコン系の添加剤 検出する,0.03571428571428571,1.0,28.0
潤滑油中 検出する =>シリコン系の添加剤 検出する,0.03571428571428571,1.0,28.0
砂 フィルタ 検出する =>シリコン系の添加剤 検出する,0.03571428571428571,1.0,28.0
砂 フィルタ表面の異物観察 検出する =>シリコン系の添加剤 検出する,0.03571428571428571,1.0,28.0
砂 フェログラフィー 検出する =>シリコン系の添加剤 検出する,0.03571428571428571,1.0,28.0
箇所 砂 ある =>シリコン系の添加剤 検出する,0.03571428571428571,1.0,28.0
スラッジの発生重量汚染度 上昇する =>スラッジ 鉄 微細,0.03571428571428571,1.0,28.0
リン 使用油である日石タービン 含む =>スラッジ 鉄 微細,0.03571428571428571,1.0,28.0
亜鉛 使用油である日石タービン 含む =>スラッジ 鉄 微細,0.03571428571428571,1.0,28.0
表面 フィルタ表面の異物観察 当社推奨の管理限界値 なる =>スラッジ 鉄 微細,0.03571428571428571,1.0,28.0
表面 茶褐色 当社推奨の管理限界値 なる =>スラッジ 鉄 微細,0.03571428571428571,1.0,28.0
軸受軌道面の油膜形成 及ぼす =>スラッジ 鉄 微細,0.03571428571428571,1.0,28.0
mg/ml 上昇する リン 検出する =>スラッジ 鉄 微細,0.03571428571428571,1.0,28.0
mg/ml 上昇する 亜鉛 検出する =>スラッジ 鉄 微細,0.03571428571428571,1.0,28.0
mg/ml 上昇する 鉄 検出する =>スラッジ 鉄 微細,0.03571428571428571,1.0,28.0
リン 検出する 当社推奨の管理限界値 上昇する =>スラッジ 鉄 微細,0.03571428571428571,1.0,28.0
亜鉛 検出する 当社推奨の管理限界値 上昇する =>スラッジ 鉄 微細,0.03571428571428571,1.0,28.0
当社推奨の管理限界値 上昇する 鉄 検出する =>スラッジ 鉄 微細,0.03571428571428571,1.0,28.0
スラッジ 鉄 微細 =>スラッジの発生重量汚染度 上昇する,0.03571428571428571,1.0,28.0
リン 使用油である日石タービン 含む =>スラッジの発生重量汚染度 上昇する,0.03571428571428571,1.0,28.0
亜鉛 使用油である日石タービン 含む =>スラッジの発生重量汚染度 上昇する,0.03571428571428571,1.0,28.0
表面 フィルタ表面の異物観察 当社推奨の管理限界値 なる =>スラッジの発生重量汚染度 上昇する,0.03571428571428571,1.0,28.0
表面 茶褐色 当社推奨の管理限界値 なる =>スラッジの発生重量汚染度 上昇する,0.03571428571428571,1.0,28.0
軸受軌道面の油膜形成 及ぼす =>スラッジの発生重量汚染度 上昇する,0.03571428571428571,1.0,28.0
mg/ml 上昇する リン 検出する =>スラッジの発生重量汚染度 上昇する,0.03571428571428571,1.0,28.0
mg/ml 上昇する 亜鉛 検出する =>スラッジの発生重量汚染度 上昇する,0.03571428571428571,1.0,28.0
mg/ml 上昇する 鉄 検出する =>スラッジの発生重量汚染度 上昇する,0.03571428571428571,1.0,28.0
リン 検出する 当社推奨の管理限界値 上昇する =>スラッジの発生重量汚染度 上昇する,0.03571428571428571,1.0,28.0
亜鉛 検出する 当社推奨の管理限界値 上昇する =>スラッジの発生重量汚染度 上昇する,0.03571428571428571,1.0,28.0
当社推奨の管理限界値 上昇する 鉄 検出する =>スラッジの発生重量汚染度 上昇する,0.03571428571428571,1.0,28.0
バリウム 検出する =>ニッケル マンガン 含む,0.03571428571428571,1.0,28.0
マンガン クロム 含む =>ニッケル マンガン 含む,0.03571428571428571,1.0,28.0
油の添加剤成分 含む =>ニッケル マンガン 含む,0.03571428571428571,1.0,28.0
鉄 含む =>ニッケル マンガン 含む,0.03571428571428571,1.0,28.0
銅 含む =>ニッケル マンガン 含む,0.03571428571428571,1.0,28.0
μm以下の疲労摩耗粒子 検出する カルシウム 検出する =>ニッケル マンガン 含む,0.03571428571428571,1.0,28.0
μm以下の疲労摩耗粒子 検出する ナトリウム 検出する =>ニッケル マンガン 含む,0.03571428571428571,1.0,28.0
μm以下の疲労摩耗粒子 検出する リン 検出する =>ニッケル マンガン 含む,0.03571428571428571,1.0,28.0
μm以下の疲労摩耗粒子 検出する 亜鉛 検出する =>ニッケル マンガン 含む,0.03571428571428571,1.0,28.0
μm以下の疲労摩耗粒子 検出する 粒子 検出する =>ニッケル マンガン 含む,0.03571428571428571,1.0,28.0
μm以下の疲労摩耗粒子 検出する 良好の範囲 異常摩耗の早期発見パラメータであるIs値がの乗 ある =>ニッケル マンガン 含む,0.03571428571428571,1.0,28.0
μm以下の疲労摩耗粒子 検出する 鉄 検出する =>ニッケル マンガン 含む,0.03571428571428571,1.0,28.0
カルシウム 検出する リン 検出する =>ニッケル マンガン 含む,0.03571428571428571,1.0,28.0
カルシウム 検出する 粒子 検出する =>ニッケル マンガン 含む,0.03571428571428571,1.0,28.0
カルシウム 検出する 良好の範囲 異常摩耗の早期発見パラメータであるIs値がの乗 ある =>ニッケル マンガン 含む,0.03571428571428571,1.0,28.0
ナトリウム 検出する リン 検出する =>ニッケル マンガン 含む,0.03571428571428571,1.0,28.0
ナトリウム 検出する 粒子 検出する =>ニッケル マンガン 含む,0.03571428571428571,1.0,28.0
ナトリウム 検出する 良好の範囲 異常摩耗の早期発見パラメータであるIs値がの乗 ある =>ニッケル マンガン 含む,0.03571428571428571,1.0,28.0
リン 検出する 粒子 検出する =>ニッケル マンガン 含む,0.03571428571428571,1.0,28.0
リン 検出する 良好の範囲 異常摩耗の早期発見パラメータであるIs値がの乗 ある =>ニッケル マンガン 含む,0.03571428571428571,1.0,28.0
亜鉛 検出する 粒子 検出する =>ニッケル マンガン 含む,0.03571428571428571,1.0,28.0
亜鉛 検出する 良好の範囲 異常摩耗の早期発見パラメータであるIs値がの乗 ある =>ニッケル マンガン 含む,0.03571428571428571,1.0,28.0
粒子 検出する 良好の範囲 異常摩耗の早期発見パラメータであるIs値がの乗 ある =>ニッケル マンガン 含む,0.03571428571428571,1.0,28.0
粒子 検出する 鉄 検出する =>ニッケル マンガン 含む,0.03571428571428571,1.0,28.0
良好の範囲 異常摩耗の早期発見パラメータであるIs値がの乗 ある 鉄 検出する =>ニッケル マンガン 含む,0.03571428571428571,1.0,28.0
ニッケル マンガン 含む =>バリウム 検出する,0.03571428571428571,1.0,28.0
マンガン クロム 含む =>バリウム 検出する,0.03571428571428571,1.0,28.0
油の添加剤成分 含む =>バリウム 検出する,0.03571428571428571,1.0,28.0
鉄 含む =>バリウム 検出する,0.03571428571428571,1.0,28.0
銅 含む =>バリウム 検出する,0.03571428571428571,1.0,28.0
μm以下の疲労摩耗粒子 検出する カルシウム 検出する =>バリウム 検出する,0.03571428571428571,1.0,28.0
μm以下の疲労摩耗粒子 検出する ナトリウム 検出する =>バリウム 検出する,0.03571428571428571,1.0,28.0
μm以下の疲労摩耗粒子 検出する リン 検出する =>バリウム 検出する,0.03571428571428571,1.0,28.0
μm以下の疲労摩耗粒子 検出する 亜鉛 検出する =>バリウム 検出する,0.03571428571428571,1.0,28.0
μm以下の疲労摩耗粒子 検出する 粒子 検出する =>バリウム 検出する,0.03571428571428571,1.0,28.0
μm以下の疲労摩耗粒子 検出する 良好の範囲 異常摩耗の早期発見パラメータであるIs値がの乗 ある =>バリウム 検出する,0.03571428571428571,1.0,28.0
μm以下の疲労摩耗粒子 検出する 鉄 検出する =>バリウム 検出する,0.03571428571428571,1.0,28.0
カルシウム 検出する リン 検出する =>バリウム 検出する,0.03571428571428571,1.0,28.0
カルシウム 検出する 粒子 検出する =>バリウム 検出する,0.03571428571428571,1.0,28.0
カルシウム 検出する 良好の範囲 異常摩耗の早期発見パラメータであるIs値がの乗 ある =>バリウム 検出する,0.03571428571428571,1.0,28.0
ナトリウム 検出する リン 検出する =>バリウム 検出する,0.03571428571428571,1.0,28.0
ナトリウム 検出する 粒子 検出する =>バリウム 検出する,0.03571428571428571,1.0,28.0
ナトリウム 検出する 良好の範囲 異常摩耗の早期発見パラメータであるIs値がの乗 ある =>バリウム 検出する,0.03571428571428571,1.0,28.0
リン 検出する 粒子 検出する =>バリウム 検出する,0.03571428571428571,1.0,28.0
リン 検出する 良好の範囲 異常摩耗の早期発見パラメータであるIs値がの乗 ある =>バリウム 検出する,0.03571428571428571,1.0,28.0
亜鉛 検出する 粒子 検出する =>バリウム 検出する,0.03571428571428571,1.0,28.0
亜鉛 検出する 良好の範囲 異常摩耗の早期発見パラメータであるIs値がの乗 ある =>バリウム 検出する,0.03571428571428571,1.0,28.0
粒子 検出する 良好の範囲 異常摩耗の早期発見パラメータであるIs値がの乗 ある =>バリウム 検出する,0.03571428571428571,1.0,28.0
粒子 検出する 鉄 検出する =>バリウム 検出する,0.03571428571428571,1.0,28.0
良好の範囲 異常摩耗の早期発見パラメータであるIs値がの乗 ある 鉄 検出する =>バリウム 検出する,0.03571428571428571,1.0,28.0
フレーキング 進行する =>フレッティング 発生する,0.03571428571428571,1.0,28.0
赤錆 検出する =>フレッティング 発生する,0.03571428571428571,1.0,28.0
フレッティング 発生する =>フレーキング 進行する,0.03571428571428571,1.0,28.0
赤錆 検出する =>フレーキング 進行する,0.03571428571428571,1.0,28.0
ニッケル マンガン 含む =>マンガン クロム 含む,0.03571428571428571,1.0,28.0
バリウム 検出する =>マンガン クロム 含む,0.03571428571428571,1.0,28.0
油の添加剤成分 含む =>マンガン クロム 含む,0.03571428571428571,1.0,28.0
鉄 含む =>マンガン クロム 含む,0.03571428571428571,1.0,28.0
銅 含む =>マンガン クロム 含む,0.03571428571428571,1.0,28.0
μm以下の疲労摩耗粒子 検出する カルシウム 検出する =>マンガン クロム 含む,0.03571428571428571,1.0,28.0
μm以下の疲労摩耗粒子 検出する ナトリウム 検出する =>マンガン クロム 含む,0.03571428571428571,1.0,28.0
μm以下の疲労摩耗粒子 検出する リン 検出する =>マンガン クロム 含む,0.03571428571428571,1.0,28.0
μm以下の疲労摩耗粒子 検出する 亜鉛 検出する =>マンガン クロム 含む,0.03571428571428571,1.0,28.0
μm以下の疲労摩耗粒子 検出する 粒子 検出する =>マンガン クロム 含む,0.03571428571428571,1.0,28.0
μm以下の疲労摩耗粒子 検出する 良好の範囲 異常摩耗の早期発見パラメータであるIs値がの乗 ある =>マンガン クロム 含む,0.03571428571428571,1.0,28.0
μm以下の疲労摩耗粒子 検出する 鉄 検出する =>マンガン クロム 含む,0.03571428571428571,1.0,28.0
カルシウム 検出する リン 検出する =>マンガン クロム 含む,0.03571428571428571,1.0,28.0
カルシウム 検出する 粒子 検出する =>マンガン クロム 含む,0.03571428571428571,1.0,28.0
カルシウム 検出する 良好の範囲 異常摩耗の早期発見パラメータであるIs値がの乗 ある =>マンガン クロム 含む,0.03571428571428571,1.0,28.0
ナトリウム 検出する リン 検出する =>マンガン クロム 含む,0.03571428571428571,1.0,28.0
ナトリウム 検出する 粒子 検出する =>マンガン クロム 含む,0.03571428571428571,1.0,28.0
ナトリウム 検出する 良好の範囲 異常摩耗の早期発見パラメータであるIs値がの乗 ある =>マンガン クロム 含む,0.03571428571428571,1.0,28.0
リン 検出する 粒子 検出する =>マンガン クロム 含む,0.03571428571428571,1.0,28.0
リン 検出する 良好の範囲 異常摩耗の早期発見パラメータであるIs値がの乗 ある =>マンガン クロム 含む,0.03571428571428571,1.0,28.0
亜鉛 検出する 粒子 検出する =>マンガン クロム 含む,0.03571428571428571,1.0,28.0
亜鉛 検出する 良好の範囲 異常摩耗の早期発見パラメータであるIs値がの乗 ある =>マンガン クロム 含む,0.03571428571428571,1.0,28.0
粒子 検出する 良好の範囲 異常摩耗の早期発見パラメータであるIs値がの乗 ある =>マンガン クロム 含む,0.03571428571428571,1.0,28.0
粒子 検出する 鉄 検出する =>マンガン クロム 含む,0.03571428571428571,1.0,28.0
良好の範囲 異常摩耗の早期発見パラメータであるIs値がの乗 ある 鉄 検出する =>マンガン クロム 含む,0.03571428571428571,1.0,28.0
スラッジ 鉄 微細 =>リン 使用油である日石タービン 含む,0.03571428571428571,1.0,28.0
スラッジの発生重量汚染度 上昇する =>リン 使用油である日石タービン 含む,0.03571428571428571,1.0,28.0
亜鉛 使用油である日石タービン 含む =>リン 使用油である日石タービン 含む,0.03571428571428571,1.0,28.0
表面 フィルタ表面の異物観察 当社推奨の管理限界値 なる =>リン 使用油である日石タービン 含む,0.03571428571428571,1.0,28.0
表面 茶褐色 当社推奨の管理限界値 なる =>リン 使用油である日石タービン 含む,0.03571428571428571,1.0,28.0
軸受軌道面の油膜形成 及ぼす =>リン 使用油である日石タービン 含む,0.03571428571428571,1.0,28.0
mg/ml 上昇する リン 検出する =>リン 使用油である日石タービン 含む,0.03571428571428571,1.0,28.0
mg/ml 上昇する 亜鉛 検出する =>リン 使用油である日石タービン 含む,0.03571428571428571,1.0,28.0
mg/ml 上昇する 鉄 検出する =>リン 使用油である日石タービン 含む,0.03571428571428571,1.0,28.0
リン 検出する 当社推奨の管理限界値 上昇する =>リン 使用油である日石タービン 含む,0.03571428571428571,1.0,28.0
亜鉛 検出する 当社推奨の管理限界値 上昇する =>リン 使用油である日石タービン 含む,0.03571428571428571,1.0,28.0
当社推奨の管理限界値 上昇する 鉄 検出する =>リン 使用油である日石タービン 含む,0.03571428571428571,1.0,28.0
スラッジ 鉄 微細 =>亜鉛 使用油である日石タービン 含む,0.03571428571428571,1.0,28.0
スラッジの発生重量汚染度 上昇する =>亜鉛 使用油である日石タービン 含む,0.03571428571428571,1.0,28.0
リン 使用油である日石タービン 含む =>亜鉛 使用油である日石タービン 含む,0.03571428571428571,1.0,28.0
表面 フィルタ表面の異物観察 当社推奨の管理限界値 なる =>亜鉛 使用油である日石タービン 含む,0.03571428571428571,1.0,28.0
表面 茶褐色 当社推奨の管理限界値 なる =>亜鉛 使用油である日石タービン 含む,0.03571428571428571,1.0,28.0
軸受軌道面の油膜形成 及ぼす =>亜鉛 使用油である日石タービン 含む,0.03571428571428571,1.0,28.0
mg/ml 上昇する リン 検出する =>亜鉛 使用油である日石タービン 含む,0.03571428571428571,1.0,28.0
mg/ml 上昇する 亜鉛 検出する =>亜鉛 使用油である日石タービン 含む,0.03571428571428571,1.0,28.0
mg/ml 上昇する 鉄 検出する =>亜鉛 使用油である日石タービン 含む,0.03571428571428571,1.0,28.0
リン 検出する 当社推奨の管理限界値 上昇する =>亜鉛 使用油である日石タービン 含む,0.03571428571428571,1.0,28.0
亜鉛 検出する 当社推奨の管理限界値 上昇する =>亜鉛 使用油である日石タービン 含む,0.03571428571428571,1.0,28.0
当社推奨の管理限界値 上昇する 鉄 検出する =>亜鉛 使用油である日石タービン 含む,0.03571428571428571,1.0,28.0
IRのデータ 水分 良好 =>全酸価 水分 良好,0.03571428571428571,1.0,28.0
IRのデータ 粘度 良好 =>全酸価 水分 良好,0.03571428571428571,1.0,28.0
全酸価 粘度 良好 =>全酸価 水分 良好,0.03571428571428571,1.0,28.0
計数汚染度 当社推奨の管理限界値内 水分 ある =>全酸価 水分 良好,0.03571428571428571,1.0,28.0
重量汚染度 水分 汚染する =>全酸価 水分 良好,0.03571428571428571,1.0,28.0
IRのデータ 水分 良好 =>全酸価 粘度 良好,0.03571428571428571,1.0,28.0
IRのデータ 粘度 良好 =>全酸価 粘度 良好,0.03571428571428571,1.0,28.0
全酸価 水分 良好 =>全酸価 粘度 良好,0.03571428571428571,1.0,28.0
計数汚染度 当社推奨の管理限界値内 水分 ある =>全酸価 粘度 良好,0.03571428571428571,1.0,28.0
重量汚染度 水分 汚染する =>全酸価 粘度 良好,0.03571428571428571,1.0,28.0
IRのデータ 良好の範囲 ある =>全酸価 良好の範囲 ある,0.03571428571428571,1.0,28.0
シリコングリース シール部 塗布する =>全酸価 良好の範囲 ある,0.03571428571428571,1.0,28.0
シリコングリース 潤滑油 混入する =>全酸価 良好の範囲 ある,0.03571428571428571,1.0,28.0
シリコン系の添加剤 検出する =>全酸価 良好の範囲 ある,0.03571428571428571,1.0,28.0
消泡剤の投与 シール部 砂 シール部 する =>全酸価 良好の範囲 ある,0.03571428571428571,1.0,28.0
潤滑油中 検出する =>全酸価 良好の範囲 ある,0.03571428571428571,1.0,28.0
砂 フィルタ 検出する =>全酸価 良好の範囲 ある,0.03571428571428571,1.0,28.0
砂 フィルタ表面の異物観察 検出する =>全酸価 良好の範囲 ある,0.03571428571428571,1.0,28.0
砂 フェログラフィー 検出する =>全酸価 良好の範囲 ある,0.03571428571428571,1.0,28.0
箇所 砂 ある =>全酸価 良好の範囲 ある,0.03571428571428571,1.0,28.0
重量汚染度 良好 =>当社推奨の管理限界値のmg/ml以内 .mg/ml ある,0.03571428571428571,1.0,28.0
ニッケル マンガン 含む =>油の添加剤成分 含む,0.03571428571428571,1.0,28.0
バリウム 検出する =>油の添加剤成分 含む,0.03571428571428571,1.0,28.0
マンガン クロム 含む =>油の添加剤成分 含む,0.03571428571428571,1.0,28.0
鉄 含む =>油の添加剤成分 含む,0.03571428571428571,1.0,28.0
銅 含む =>油の添加剤成分 含む,0.03571428571428571,1.0,28.0
μm以下の疲労摩耗粒子 検出する カルシウム 検出する =>油の添加剤成分 含む,0.03571428571428571,1.0,28.0
μm以下の疲労摩耗粒子 検出する ナトリウム 検出する =>油の添加剤成分 含む,0.03571428571428571,1.0,28.0
μm以下の疲労摩耗粒子 検出する リン 検出する =>油の添加剤成分 含む,0.03571428571428571,1.0,28.0
μm以下の疲労摩耗粒子 検出する 亜鉛 検出する =>油の添加剤成分 含む,0.03571428571428571,1.0,28.0
μm以下の疲労摩耗粒子 検出する 粒子 検出する =>油の添加剤成分 含む,0.03571428571428571,1.0,28.0
μm以下の疲労摩耗粒子 検出する 良好の範囲 異常摩耗の早期発見パラメータであるIs値がの乗 ある =>油の添加剤成分 含む,0.03571428571428571,1.0,28.0
μm以下の疲労摩耗粒子 検出する 鉄 検出する =>油の添加剤成分 含む,0.03571428571428571,1.0,28.0
カルシウム 検出する リン 検出する =>油の添加剤成分 含む,0.03571428571428571,1.0,28.0
カルシウム 検出する 粒子 検出する =>油の添加剤成分 含む,0.03571428571428571,1.0,28.0
カルシウム 検出する 良好の範囲 異常摩耗の早期発見パラメータであるIs値がの乗 ある =>油の添加剤成分 含む,0.03571428571428571,1.0,28.0
ナトリウム 検出する リン 検出する =>油の添加剤成分 含む,0.03571428571428571,1.0,28.0
ナトリウム 検出する 粒子 検出する =>油の添加剤成分 含む,0.03571428571428571,1.0,28.0
ナトリウム 検出する 良好の範囲 異常摩耗の早期発見パラメータであるIs値がの乗 ある =>油の添加剤成分 含む,0.03571428571428571,1.0,28.0
リン 検出する 粒子 検出する =>油の添加剤成分 含む,0.03571428571428571,1.0,28.0
リン 検出する 良好の範囲 異常摩耗の早期発見パラメータであるIs値がの乗 ある =>油の添加剤成分 含む,0.03571428571428571,1.0,28.0
亜鉛 検出する 粒子 検出する =>油の添加剤成分 含む,0.03571428571428571,1.0,28.0
亜鉛 検出する 良好の範囲 異常摩耗の早期発見パラメータであるIs値がの乗 ある =>油の添加剤成分 含む,0.03571428571428571,1.0,28.0
粒子 検出する 良好の範囲 異常摩耗の早期発見パラメータであるIs値がの乗 ある =>油の添加剤成分 含む,0.03571428571428571,1.0,28.0
粒子 検出する 鉄 検出する =>油の添加剤成分 含む,0.03571428571428571,1.0,28.0
良好の範囲 異常摩耗の早期発見パラメータであるIs値がの乗 ある 鉄 検出する =>油の添加剤成分 含む,0.03571428571428571,1.0,28.0
油温 沈降速度 サイズ 変化する =>油温 cm程度 なる,0.03571428571428571,1.0,28.0
潤滑油 油温 撹拌する =>油温 cm程度 なる,0.03571428571428571,1.0,28.0
油温 cm程度 なる =>油温 沈降速度 サイズ 変化する,0.03571428571428571,1.0,28.0
潤滑油 油温 撹拌する =>油温 沈降速度 サイズ 変化する,0.03571428571428571,1.0,28.0
IRのデータ 良好の範囲 ある =>消泡剤の投与 シール部 砂 シール部 する,0.03571428571428571,1.0,28.0
シリコングリース シール部 塗布する =>消泡剤の投与 シール部 砂 シール部 する,0.03571428571428571,1.0,28.0
シリコングリース 潤滑油 混入する =>消泡剤の投与 シール部 砂 シール部 する,0.03571428571428571,1.0,28.0
シリコン系の添加剤 検出する =>消泡剤の投与 シール部 砂 シール部 する,0.03571428571428571,1.0,28.0
全酸価 良好の範囲 ある =>消泡剤の投与 シール部 砂 シール部 する,0.03571428571428571,1.0,28.0
潤滑油中 検出する =>消泡剤の投与 シール部 砂 シール部 する,0.03571428571428571,1.0,28.0
砂 フィルタ 検出する =>消泡剤の投与 シール部 砂 シール部 する,0.03571428571428571,1.0,28.0
砂 フィルタ表面の異物観察 検出する =>消泡剤の投与 シール部 砂 シール部 する,0.03571428571428571,1.0,28.0
砂 フェログラフィー 検出する =>消泡剤の投与 シール部 砂 シール部 する,0.03571428571428571,1.0,28.0
箇所 砂 ある =>消泡剤の投与 シール部 砂 シール部 する,0.03571428571428571,1.0,28.0
油温 cm程度 なる =>潤滑油 油温 撹拌する,0.03571428571428571,1.0,28.0
油温 沈降速度 サイズ 変化する =>潤滑油 油温 撹拌する,0.03571428571428571,1.0,28.0
IRのデータ 良好の範囲 ある =>潤滑油中 検出する,0.03571428571428571,1.0,28.0
シリコングリース シール部 塗布する =>潤滑油中 検出する,0.03571428571428571,1.0,28.0
シリコングリース 潤滑油 混入する =>潤滑油中 検出する,0.03571428571428571,1.0,28.0
シリコン系の添加剤 検出する =>潤滑油中 検出する,0.03571428571428571,1.0,28.0
全酸価 良好の範囲 ある =>潤滑油中 検出する,0.03571428571428571,1.0,28.0
消泡剤の投与 シール部 砂 シール部 する =>潤滑油中 検出する,0.03571428571428571,1.0,28.0
砂 フィルタ 検出する =>潤滑油中 検出する,0.03571428571428571,1.0,28.0
砂 フィルタ表面の異物観察 検出する =>潤滑油中 検出する,0.03571428571428571,1.0,28.0
砂 フェログラフィー 検出する =>潤滑油中 検出する,0.03571428571428571,1.0,28.0
箇所 砂 ある =>潤滑油中 検出する,0.03571428571428571,1.0,28.0
IRのデータ 良好の範囲 ある =>砂 フィルタ 検出する,0.03571428571428571,1.0,28.0
シリコングリース シール部 塗布する =>砂 フィルタ 検出する,0.03571428571428571,1.0,28.0
シリコングリース 潤滑油 混入する =>砂 フィルタ 検出する,0.03571428571428571,1.0,28.0
シリコン系の添加剤 検出する =>砂 フィルタ 検出する,0.03571428571428571,1.0,28.0
全酸価 良好の範囲 ある =>砂 フィルタ 検出する,0.03571428571428571,1.0,28.0
消泡剤の投与 シール部 砂 シール部 する =>砂 フィルタ 検出する,0.03571428571428571,1.0,28.0
潤滑油中 検出する =>砂 フィルタ 検出する,0.03571428571428571,1.0,28.0
砂 フィルタ表面の異物観察 検出する =>砂 フィルタ 検出する,0.03571428571428571,1.0,28.0
砂 フェログラフィー 検出する =>砂 フィルタ 検出する,0.03571428571428571,1.0,28.0
箇所 砂 ある =>砂 フィルタ 検出する,0.03571428571428571,1.0,28.0
IRのデータ 良好の範囲 ある =>砂 フィルタ表面の異物観察 検出する,0.03571428571428571,1.0,28.0
シリコングリース シール部 塗布する =>砂 フィルタ表面の異物観察 検出する,0.03571428571428571,1.0,28.0
シリコングリース 潤滑油 混入する =>砂 フィルタ表面の異物観察 検出する,0.03571428571428571,1.0,28.0
シリコン系の添加剤 検出する =>砂 フィルタ表面の異物観察 検出する,0.03571428571428571,1.0,28.0
全酸価 良好の範囲 ある =>砂 フィルタ表面の異物観察 検出する,0.03571428571428571,1.0,28.0
消泡剤の投与 シール部 砂 シール部 する =>砂 フィルタ表面の異物観察 検出する,0.03571428571428571,1.0,28.0
潤滑油中 検出する =>砂 フィルタ表面の異物観察 検出する,0.03571428571428571,1.0,28.0
砂 フィルタ 検出する =>砂 フィルタ表面の異物観察 検出する,0.03571428571428571,1.0,28.0
砂 フェログラフィー 検出する =>砂 フィルタ表面の異物観察 検出する,0.03571428571428571,1.0,28.0
箇所 砂 ある =>砂 フィルタ表面の異物観察 検出する,0.03571428571428571,1.0,28.0
IRのデータ 良好の範囲 ある =>砂 フェログラフィー 検出する,0.03571428571428571,1.0,28.0
シリコングリース シール部 塗布する =>砂 フェログラフィー 検出する,0.03571428571428571,1.0,28.0
シリコングリース 潤滑油 混入する =>砂 フェログラフィー 検出する,0.03571428571428571,1.0,28.0
シリコン系の添加剤 検出する =>砂 フェログラフィー 検出する,0.03571428571428571,1.0,28.0
全酸価 良好の範囲 ある =>砂 フェログラフィー 検出する,0.03571428571428571,1.0,28.0
消泡剤の投与 シール部 砂 シール部 する =>砂 フェログラフィー 検出する,0.03571428571428571,1.0,28.0
潤滑油中 検出する =>砂 フェログラフィー 検出する,0.03571428571428571,1.0,28.0
砂 フィルタ 検出する =>砂 フェログラフィー 検出する,0.03571428571428571,1.0,28.0
砂 フィルタ表面の異物観察 検出する =>砂 フェログラフィー 検出する,0.03571428571428571,1.0,28.0
箇所 砂 ある =>砂 フェログラフィー 検出する,0.03571428571428571,1.0,28.0
IRのデータ 良好の範囲 ある =>箇所 砂 ある,0.03571428571428571,1.0,28.0
シリコングリース シール部 塗布する =>箇所 砂 ある,0.03571428571428571,1.0,28.0
シリコングリース 潤滑油 混入する =>箇所 砂 ある,0.03571428571428571,1.0,28.0
シリコン系の添加剤 検出する =>箇所 砂 ある,0.03571428571428571,1.0,28.0
全酸価 良好の範囲 ある =>箇所 砂 ある,0.03571428571428571,1.0,28.0
消泡剤の投与 シール部 砂 シール部 する =>箇所 砂 ある,0.03571428571428571,1.0,28.0
潤滑油中 検出する =>箇所 砂 ある,0.03571428571428571,1.0,28.0
砂 フィルタ 検出する =>箇所 砂 ある,0.03571428571428571,1.0,28.0
砂 フィルタ表面の異物観察 検出する =>箇所 砂 ある,0.03571428571428571,1.0,28.0
砂 フェログラフィー 検出する =>箇所 砂 ある,0.03571428571428571,1.0,28.0
スラッジ 鉄 微細 =>表面 フィルタ表面の異物観察 当社推奨の管理限界値 なる,0.03571428571428571,1.0,28.0
スラッジの発生重量汚染度 上昇する =>表面 フィルタ表面の異物観察 当社推奨の管理限界値 なる,0.03571428571428571,1.0,28.0
リン 使用油である日石タービン 含む =>表面 フィルタ表面の異物観察 当社推奨の管理限界値 なる,0.03571428571428571,1.0,28.0
亜鉛 使用油である日石タービン 含む =>表面 フィルタ表面の異物観察 当社推奨の管理限界値 なる,0.03571428571428571,1.0,28.0
表面 茶褐色 当社推奨の管理限界値 なる =>表面 フィルタ表面の異物観察 当社推奨の管理限界値 なる,0.03571428571428571,1.0,28.0
軸受軌道面の油膜形成 及ぼす =>表面 フィルタ表面の異物観察 当社推奨の管理限界値 なる,0.03571428571428571,1.0,28.0
mg/ml 上昇する リン 検出する =>表面 フィルタ表面の異物観察 当社推奨の管理限界値 なる,0.03571428571428571,1.0,28.0
mg/ml 上昇する 亜鉛 検出する =>表面 フィルタ表面の異物観察 当社推奨の管理限界値 なる,0.03571428571428571,1.0,28.0
mg/ml 上昇する 鉄 検出する =>表面 フィルタ表面の異物観察 当社推奨の管理限界値 なる,0.03571428571428571,1.0,28.0
リン 検出する 当社推奨の管理限界値 上昇する =>表面 フィルタ表面の異物観察 当社推奨の管理限界値 なる,0.03571428571428571,1.0,28.0
亜鉛 検出する 当社推奨の管理限界値 上昇する =>表面 フィルタ表面の異物観察 当社推奨の管理限界値 なる,0.03571428571428571,1.0,28.0
当社推奨の管理限界値 上昇する 鉄 検出する =>表面 フィルタ表面の異物観察 当社推奨の管理限界値 なる,0.03571428571428571,1.0,28.0
スラッジ 鉄 微細 =>表面 茶褐色 当社推奨の管理限界値 なる,0.03571428571428571,1.0,28.0
スラッジの発生重量汚染度 上昇する =>表面 茶褐色 当社推奨の管理限界値 なる,0.03571428571428571,1.0,28.0
リン 使用油である日石タービン 含む =>表面 茶褐色 当社推奨の管理限界値 なる,0.03571428571428571,1.0,28.0
亜鉛 使用油である日石タービン 含む =>表面 茶褐色 当社推奨の管理限界値 なる,0.03571428571428571,1.0,28.0
表面 フィルタ表面の異物観察 当社推奨の管理限界値 なる =>表面 茶褐色 当社推奨の管理限界値 なる,0.03571428571428571,1.0,28.0
軸受軌道面の油膜形成 及ぼす =>表面 茶褐色 当社推奨の管理限界値 なる,0.03571428571428571,1.0,28.0
mg/ml 上昇する リン 検出する =>表面 茶褐色 当社推奨の管理限界値 なる,0.03571428571428571,1.0,28.0
mg/ml 上昇する 亜鉛 検出する =>表面 茶褐色 当社推奨の管理限界値 なる,0.03571428571428571,1.0,28.0
mg/ml 上昇する 鉄 検出する =>表面 茶褐色 当社推奨の管理限界値 なる,0.03571428571428571,1.0,28.0
リン 検出する 当社推奨の管理限界値 上昇する =>表面 茶褐色 当社推奨の管理限界値 なる,0.03571428571428571,1.0,28.0
亜鉛 検出する 当社推奨の管理限界値 上昇する =>表面 茶褐色 当社推奨の管理限界値 なる,0.03571428571428571,1.0,28.0
当社推奨の管理限界値 上昇する 鉄 検出する =>表面 茶褐色 当社推奨の管理限界値 なる,0.03571428571428571,1.0,28.0
高い値 なる =>計数汚染度 なる,0.03571428571428571,1.0,28.0
mg/ml 上昇する 当社推奨の管理限界値のNAS級以内 計数汚染度 ある =>計数汚染度 なる,0.03571428571428571,1.0,28.0
mg/ml 上昇する 計数汚染度 高い =>計数汚染度 なる,0.03571428571428571,1.0,28.0
当社推奨の管理限界値 上昇する 当社推奨の管理限界値のNAS級以内 計数汚染度 ある =>計数汚染度 なる,0.03571428571428571,1.0,28.0
当社推奨の管理限界値 上昇する 計数汚染度 高い =>計数汚染度 なる,0.03571428571428571,1.0,28.0
IRのデータ 水分 良好 =>計数汚染度 当社推奨の管理限界値内 水分 ある,0.03571428571428571,1.0,28.0
IRのデータ 粘度 良好 =>計数汚染度 当社推奨の管理限界値内 水分 ある,0.03571428571428571,1.0,28.0
全酸価 水分 良好 =>計数汚染度 当社推奨の管理限界値内 水分 ある,0.03571428571428571,1.0,28.0
全酸価 粘度 良好 =>計数汚染度 当社推奨の管理限界値内 水分 ある,0.03571428571428571,1.0,28.0
重量汚染度 水分 汚染する =>計数汚染度 当社推奨の管理限界値内 水分 ある,0.03571428571428571,1.0,28.0
フレッティング 発生する =>赤錆 検出する,0.03571428571428571,1.0,28.0
フレーキング 進行する =>赤錆 検出する,0.03571428571428571,1.0,28.0
スラッジ 鉄 微細 =>軸受軌道面の油膜形成 及ぼす,0.03571428571428571,1.0,28.0
スラッジの発生重量汚染度 上昇する =>軸受軌道面の油膜形成 及ぼす,0.03571428571428571,1.0,28.0
リン 使用油である日石タービン 含む =>軸受軌道面の油膜形成 及ぼす,0.03571428571428571,1.0,28.0
亜鉛 使用油である日石タービン 含む =>軸受軌道面の油膜形成 及ぼす,0.03571428571428571,1.0,28.0
表面 フィルタ表面の異物観察 当社推奨の管理限界値 なる =>軸受軌道面の油膜形成 及ぼす,0.03571428571428571,1.0,28.0
表面 茶褐色 当社推奨の管理限界値 なる =>軸受軌道面の油膜形成 及ぼす,0.03571428571428571,1.0,28.0
mg/ml 上昇する リン 検出する =>軸受軌道面の油膜形成 及ぼす,0.03571428571428571,1.0,28.0
mg/ml 上昇する 亜鉛 検出する =>軸受軌道面の油膜形成 及ぼす,0.03571428571428571,1.0,28.0
mg/ml 上昇する 鉄 検出する =>軸受軌道面の油膜形成 及ぼす,0.03571428571428571,1.0,28.0
リン 検出する 当社推奨の管理限界値 上昇する =>軸受軌道面の油膜形成 及ぼす,0.03571428571428571,1.0,28.0
亜鉛 検出する 当社推奨の管理限界値 上昇する =>軸受軌道面の油膜形成 及ぼす,0.03571428571428571,1.0,28.0
当社推奨の管理限界値 上昇する 鉄 検出する =>軸受軌道面の油膜形成 及ぼす,0.03571428571428571,1.0,28.0
IRのデータ 水分 良好 =>重量汚染度 水分 汚染する,0.03571428571428571,1.0,28.0
IRのデータ 粘度 良好 =>重量汚染度 水分 汚染する,0.03571428571428571,1.0,28.0
全酸価 水分 良好 =>重量汚染度 水分 汚染する,0.03571428571428571,1.0,28.0
全酸価 粘度 良好 =>重量汚染度 水分 汚染する,0.03571428571428571,1.0,28.0
計数汚染度 当社推奨の管理限界値内 水分 ある =>重量汚染度 水分 汚染する,0.03571428571428571,1.0,28.0
当社推奨の管理限界値のmg/ml以内 .mg/ml ある =>重量汚染度 良好,0.03571428571428571,1.0,28.0
ニッケル マンガン 含む =>鉄 含む,0.03571428571428571,1.0,28.0
バリウム 検出する =>鉄 含む,0.03571428571428571,1.0,28.0
マンガン クロム 含む =>鉄 含む,0.03571428571428571,1.0,28.0
油の添加剤成分 含む =>鉄 含む,0.03571428571428571,1.0,28.0
銅 含む =>鉄 含む,0.03571428571428571,1.0,28.0
μm以下の疲労摩耗粒子 検出する カルシウム 検出する =>鉄 含む,0.03571428571428571,1.0,28.0
μm以下の疲労摩耗粒子 検出する ナトリウム 検出する =>鉄 含む,0.03571428571428571,1.0,28.0
μm以下の疲労摩耗粒子 検出する リン 検出する =>鉄 含む,0.03571428571428571,1.0,28.0
μm以下の疲労摩耗粒子 検出する 亜鉛 検出する =>鉄 含む,0.03571428571428571,1.0,28.0
μm以下の疲労摩耗粒子 検出する 粒子 検出する =>鉄 含む,0.03571428571428571,1.0,28.0
μm以下の疲労摩耗粒子 検出する 良好の範囲 異常摩耗の早期発見パラメータであるIs値がの乗 ある =>鉄 含む,0.03571428571428571,1.0,28.0
μm以下の疲労摩耗粒子 検出する 鉄 検出する =>鉄 含む,0.03571428571428571,1.0,28.0
カルシウム 検出する リン 検出する =>鉄 含む,0.03571428571428571,1.0,28.0
カルシウム 検出する 粒子 検出する =>鉄 含む,0.03571428571428571,1.0,28.0
カルシウム 検出する 良好の範囲 異常摩耗の早期発見パラメータであるIs値がの乗 ある =>鉄 含む,0.03571428571428571,1.0,28.0
ナトリウム 検出する リン 検出する =>鉄 含む,0.03571428571428571,1.0,28.0
ナトリウム 検出する 粒子 検出する =>鉄 含む,0.03571428571428571,1.0,28.0
ナトリウム 検出する 良好の範囲 異常摩耗の早期発見パラメータであるIs値がの乗 ある =>鉄 含む,0.03571428571428571,1.0,28.0
リン 検出する 粒子 検出する =>鉄 含む,0.03571428571428571,1.0,28.0
リン 検出する 良好の範囲 異常摩耗の早期発見パラメータであるIs値がの乗 ある =>鉄 含む,0.03571428571428571,1.0,28.0
亜鉛 検出する 粒子 検出する =>鉄 含む,0.03571428571428571,1.0,28.0
亜鉛 検出する 良好の範囲 異常摩耗の早期発見パラメータであるIs値がの乗 ある =>鉄 含む,0.03571428571428571,1.0,28.0
粒子 検出する 良好の範囲 異常摩耗の早期発見パラメータであるIs値がの乗 ある =>鉄 含む,0.03571428571428571,1.0,28.0
粒子 検出する 鉄 検出する =>鉄 含む,0.03571428571428571,1.0,28.0
良好の範囲 異常摩耗の早期発見パラメータであるIs値がの乗 ある 鉄 検出する =>鉄 含む,0.03571428571428571,1.0,28.0
ニッケル マンガン 含む =>銅 含む,0.03571428571428571,1.0,28.0
バリウム 検出する =>銅 含む,0.03571428571428571,1.0,28.0
マンガン クロム 含む =>銅 含む,0.03571428571428571,1.0,28.0
油の添加剤成分 含む =>銅 含む,0.03571428571428571,1.0,28.0
鉄 含む =>銅 含む,0.03571428571428571,1.0,28.0
μm以下の疲労摩耗粒子 検出する カルシウム 検出する =>銅 含む,0.03571428571428571,1.0,28.0
μm以下の疲労摩耗粒子 検出する ナトリウム 検出する =>銅 含む,0.03571428571428571,1.0,28.0
μm以下の疲労摩耗粒子 検出する リン 検出する =>銅 含む,0.03571428571428571,1.0,28.0
μm以下の疲労摩耗粒子 検出する 亜鉛 検出する =>銅 含む,0.03571428571428571,1.0,28.0
μm以下の疲労摩耗粒子 検出する 粒子 検出する =>銅 含む,0.03571428571428571,1.0,28.0
μm以下の疲労摩耗粒子 検出する 良好の範囲 異常摩耗の早期発見パラメータであるIs値がの乗 ある =>銅 含む,0.03571428571428571,1.0,28.0
μm以下の疲労摩耗粒子 検出する 鉄 検出する =>銅 含む,0.03571428571428571,1.0,28.0
カルシウム 検出する リン 検出する =>銅 含む,0.03571428571428571,1.0,28.0
カルシウム 検出する 粒子 検出する =>銅 含む,0.03571428571428571,1.0,28.0
カルシウム 検出する 良好の範囲 異常摩耗の早期発見パラメータであるIs値がの乗 ある =>銅 含む,0.03571428571428571,1.0,28.0
ナトリウム 検出する リン 検出する =>銅 含む,0.03571428571428571,1.0,28.0
ナトリウム 検出する 粒子 検出する =>銅 含む,0.03571428571428571,1.0,28.0
ナトリウム 検出する 良好の範囲 異常摩耗の早期発見パラメータであるIs値がの乗 ある =>銅 含む,0.03571428571428571,1.0,28.0
リン 検出する 粒子 検出する =>銅 含む,0.03571428571428571,1.0,28.0
リン 検出する 良好の範囲 異常摩耗の早期発見パラメータであるIs値がの乗 ある =>銅 含む,0.03571428571428571,1.0,28.0
亜鉛 検出する 粒子 検出する =>銅 含む,0.03571428571428571,1.0,28.0
亜鉛 検出する 良好の範囲 異常摩耗の早期発見パラメータであるIs値がの乗 ある =>銅 含む,0.03571428571428571,1.0,28.0
粒子 検出する 良好の範囲 異常摩耗の早期発見パラメータであるIs値がの乗 ある =>銅 含む,0.03571428571428571,1.0,28.0
粒子 検出する 鉄 検出する =>銅 含む,0.03571428571428571,1.0,28.0
良好の範囲 異常摩耗の早期発見パラメータであるIs値がの乗 ある 鉄 検出する =>銅 含む,0.03571428571428571,1.0,28.0
計数汚染度 なる =>高い値 なる,0.03571428571428571,1.0,28.0
mg/ml 上昇する 当社推奨の管理限界値のNAS級以内 計数汚染度 ある =>高い値 なる,0.03571428571428571,1.0,28.0
mg/ml 上昇する 計数汚染度 高い =>高い値 なる,0.03571428571428571,1.0,28.0
当社推奨の管理限界値 上昇する 当社推奨の管理限界値のNAS級以内 計数汚染度 ある =>高い値 なる,0.03571428571428571,1.0,28.0
当社推奨の管理限界値 上昇する 計数汚染度 高い =>高い値 なる,0.03571428571428571,1.0,28.0
スラッジ 鉄 微細 =>mg/ml 上昇する,0.03571428571428571,1.0,14.0
スラッジの発生重量汚染度 上昇する =>mg/ml 上昇する,0.03571428571428571,1.0,14.0
リン 使用油である日石タービン 含む =>mg/ml 上昇する,0.03571428571428571,1.0,14.0
亜鉛 使用油である日石タービン 含む =>mg/ml 上昇する,0.03571428571428571,1.0,14.0
表面 フィルタ表面の異物観察 当社推奨の管理限界値 なる =>mg/ml 上昇する,0.03571428571428571,1.0,14.0
表面 茶褐色 当社推奨の管理限界値 なる =>mg/ml 上昇する,0.03571428571428571,1.0,14.0
計数汚染度 なる =>mg/ml 上昇する,0.03571428571428571,1.0,14.0
軸受軌道面の油膜形成 及ぼす =>mg/ml 上昇する,0.03571428571428571,1.0,14.0
高い値 なる =>mg/ml 上昇する,0.03571428571428571,1.0,14.0
ニッケル マンガン 含む =>μm以下の疲労摩耗粒子 検出する,0.03571428571428571,1.0,14.0
バリウム 検出する =>μm以下の疲労摩耗粒子 検出する,0.03571428571428571,1.0,14.0
マンガン クロム 含む =>μm以下の疲労摩耗粒子 検出する,0.03571428571428571,1.0,14.0
油の添加剤成分 含む =>μm以下の疲労摩耗粒子 検出する,0.03571428571428571,1.0,14.0
鉄 含む =>μm以下の疲労摩耗粒子 検出する,0.03571428571428571,1.0,14.0
銅 含む =>μm以下の疲労摩耗粒子 検出する,0.03571428571428571,1.0,14.0
カルシウム 検出する リン 検出する =>μm以下の疲労摩耗粒子 検出する,0.03571428571428571,1.0,14.0
カルシウム 検出する 粒子 検出する =>μm以下の疲労摩耗粒子 検出する,0.03571428571428571,1.0,14.0
カルシウム 検出する 良好の範囲 異常摩耗の早期発見パラメータであるIs値がの乗 ある =>μm以下の疲労摩耗粒子 検出する,0.03571428571428571,1.0,14.0
ナトリウム 検出する リン 検出する =>μm以下の疲労摩耗粒子 検出する,0.03571428571428571,1.0,14.0
ナトリウム 検出する 粒子 検出する =>μm以下の疲労摩耗粒子 検出する,0.03571428571428571,1.0,14.0
ナトリウム 検出する 良好の範囲 異常摩耗の早期発見パラメータであるIs値がの乗 ある =>μm以下の疲労摩耗粒子 検出する,0.03571428571428571,1.0,14.0
リン 検出する 粒子 検出する =>μm以下の疲労摩耗粒子 検出する,0.03571428571428571,1.0,14.0
リン 検出する 良好の範囲 異常摩耗の早期発見パラメータであるIs値がの乗 ある =>μm以下の疲労摩耗粒子 検出する,0.03571428571428571,1.0,14.0
亜鉛 検出する 粒子 検出する =>μm以下の疲労摩耗粒子 検出する,0.03571428571428571,1.0,14.0
亜鉛 検出する 良好の範囲 異常摩耗の早期発見パラメータであるIs値がの乗 ある =>μm以下の疲労摩耗粒子 検出する,0.03571428571428571,1.0,14.0
粒子 検出する 良好の範囲 異常摩耗の早期発見パラメータであるIs値がの乗 ある =>μm以下の疲労摩耗粒子 検出する,0.03571428571428571,1.0,14.0
粒子 検出する 鉄 検出する =>μm以下の疲労摩耗粒子 検出する,0.03571428571428571,1.0,14.0
良好の範囲 異常摩耗の早期発見パラメータであるIs値がの乗 ある 鉄 検出する =>μm以下の疲労摩耗粒子 検出する,0.03571428571428571,1.0,14.0
ナトリウム 検出する =>カルシウム 検出する,0.07142857142857142,1.0,14.0
ニッケル マンガン 含む =>カルシウム 検出する,0.03571428571428571,1.0,14.0
バリウム 検出する =>カルシウム 検出する,0.03571428571428571,1.0,14.0
マンガン クロム 含む =>カルシウム 検出する,0.03571428571428571,1.0,14.0
油の添加剤成分 含む =>カルシウム 検出する,0.03571428571428571,1.0,14.0
鉄 含む =>カルシウム 検出する,0.03571428571428571,1.0,14.0
銅 含む =>カルシウム 検出する,0.03571428571428571,1.0,14.0
μm以下の疲労摩耗粒子 検出する リン 検出する =>カルシウム 検出する,0.03571428571428571,1.0,14.0
μm以下の疲労摩耗粒子 検出する 亜鉛 検出する =>カルシウム 検出する,0.03571428571428571,1.0,14.0
μm以下の疲労摩耗粒子 検出する 粒子 検出する =>カルシウム 検出する,0.03571428571428571,1.0,14.0
μm以下の疲労摩耗粒子 検出する 良好の範囲 異常摩耗の早期発見パラメータであるIs値がの乗 ある =>カルシウム 検出する,0.03571428571428571,1.0,14.0
μm以下の疲労摩耗粒子 検出する 鉄 検出する =>カルシウム 検出する,0.03571428571428571,1.0,14.0
リン 検出する 粒子 検出する =>カルシウム 検出する,0.03571428571428571,1.0,14.0
リン 検出する 良好の範囲 異常摩耗の早期発見パラメータであるIs値がの乗 ある =>カルシウム 検出する,0.03571428571428571,1.0,14.0
亜鉛 検出する 粒子 検出する =>カルシウム 検出する,0.03571428571428571,1.0,14.0
亜鉛 検出する 良好の範囲 異常摩耗の早期発見パラメータであるIs値がの乗 ある =>カルシウム 検出する,0.03571428571428571,1.0,14.0
粒子 検出する 良好の範囲 異常摩耗の早期発見パラメータであるIs値がの乗 ある =>カルシウム 検出する,0.03571428571428571,1.0,14.0
粒子 検出する 鉄 検出する =>カルシウム 検出する,0.03571428571428571,1.0,14.0
良好の範囲 異常摩耗の早期発見パラメータであるIs値がの乗 ある 鉄 検出する =>カルシウム 検出する,0.03571428571428571,1.0,14.0
IRのデータ 良好の範囲 ある =>ケイ素 検出する,0.03571428571428571,1.0,14.0
シリコングリース シール部 塗布する =>ケイ素 検出する,0.03571428571428571,1.0,14.0
シリコングリース 潤滑油 混入する =>ケイ素 検出する,0.03571428571428571,1.0,14.0
シリコン系の添加剤 検出する =>ケイ素 検出する,0.03571428571428571,1.0,14.0
全酸価 良好の範囲 ある =>ケイ素 検出する,0.03571428571428571,1.0,14.0
消泡剤の投与 シール部 砂 シール部 する =>ケイ素 検出する,0.03571428571428571,1.0,14.0
潤滑油中 検出する =>ケイ素 検出する,0.03571428571428571,1.0,14.0
砂 フィルタ 検出する =>ケイ素 検出する,0.03571428571428571,1.0,14.0
砂 フィルタ表面の異物観察 検出する =>ケイ素 検出する,0.03571428571428571,1.0,14.0
砂 フェログラフィー 検出する =>ケイ素 検出する,0.03571428571428571,1.0,14.0
箇所 砂 ある =>ケイ素 検出する,0.03571428571428571,1.0,14.0
カルシウム 検出する =>ナトリウム 検出する,0.07142857142857142,1.0,14.0
ニッケル マンガン 含む =>ナトリウム 検出する,0.03571428571428571,1.0,14.0
バリウム 検出する =>ナトリウム 検出する,0.03571428571428571,1.0,14.0
マンガン クロム 含む =>ナトリウム 検出する,0.03571428571428571,1.0,14.0
油の添加剤成分 含む =>ナトリウム 検出する,0.03571428571428571,1.0,14.0
鉄 含む =>ナトリウム 検出する,0.03571428571428571,1.0,14.0
銅 含む =>ナトリウム 検出する,0.03571428571428571,1.0,14.0
μm以下の疲労摩耗粒子 検出する リン 検出する =>ナトリウム 検出する,0.03571428571428571,1.0,14.0
μm以下の疲労摩耗粒子 検出する 亜鉛 検出する =>ナトリウム 検出する,0.03571428571428571,1.0,14.0
μm以下の疲労摩耗粒子 検出する 粒子 検出する =>ナトリウム 検出する,0.03571428571428571,1.0,14.0
μm以下の疲労摩耗粒子 検出する 良好の範囲 異常摩耗の早期発見パラメータであるIs値がの乗 ある =>ナトリウム 検出する,0.03571428571428571,1.0,14.0
μm以下の疲労摩耗粒子 検出する 鉄 検出する =>ナトリウム 検出する,0.03571428571428571,1.0,14.0
リン 検出する 粒子 検出する =>ナトリウム 検出する,0.03571428571428571,1.0,14.0
リン 検出する 良好の範囲 異常摩耗の早期発見パラメータであるIs値がの乗 ある =>ナトリウム 検出する,0.03571428571428571,1.0,14.0
亜鉛 検出する 粒子 検出する =>ナトリウム 検出する,0.03571428571428571,1.0,14.0
亜鉛 検出する 良好の範囲 異常摩耗の早期発見パラメータであるIs値がの乗 ある =>ナトリウム 検出する,0.03571428571428571,1.0,14.0
粒子 検出する 良好の範囲 異常摩耗の早期発見パラメータであるIs値がの乗 ある =>ナトリウム 検出する,0.03571428571428571,1.0,14.0
粒子 検出する 鉄 検出する =>ナトリウム 検出する,0.03571428571428571,1.0,14.0
良好の範囲 異常摩耗の早期発見パラメータであるIs値がの乗 ある 鉄 検出する =>ナトリウム 検出する,0.03571428571428571,1.0,14.0
スラッジ 鉄 微細 =>リン 検出する,0.03571428571428571,1.0,14.0
スラッジの発生重量汚染度 上昇する =>リン 検出する,0.03571428571428571,1.0,14.0
ニッケル マンガン 含む =>リン 検出する,0.03571428571428571,1.0,14.0
バリウム 検出する =>リン 検出する,0.03571428571428571,1.0,14.0
マンガン クロム 含む =>リン 検出する,0.03571428571428571,1.0,14.0
リン 使用油である日石タービン 含む =>リン 検出する,0.03571428571428571,1.0,14.0
亜鉛 使用油である日石タービン 含む =>リン 検出する,0.03571428571428571,1.0,14.0
油の添加剤成分 含む =>リン 検出する,0.03571428571428571,1.0,14.0
表面 フィルタ表面の異物観察 当社推奨の管理限界値 なる =>リン 検出する,0.03571428571428571,1.0,14.0
表面 茶褐色 当社推奨の管理限界値 なる =>リン 検出する,0.03571428571428571,1.0,14.0
軸受軌道面の油膜形成 及ぼす =>リン 検出する,0.03571428571428571,1.0,14.0
鉄 含む =>リン 検出する,0.03571428571428571,1.0,14.0
銅 含む =>リン 検出する,0.03571428571428571,1.0,14.0
計数汚染度 なる =>当社推奨の管理限界値のNAS級以内 計数汚染度 ある,0.03571428571428571,1.0,14.0
計数汚染度 良好 =>当社推奨の管理限界値のNAS級以内 計数汚染度 ある,0.03571428571428571,1.0,14.0
高い値 なる =>当社推奨の管理限界値のNAS級以内 計数汚染度 ある,0.03571428571428571,1.0,14.0
mg/ml 上昇する 計数汚染度 高い =>当社推奨の管理限界値のNAS級以内 計数汚染度 ある,0.03571428571428571,1.0,14.0
当社推奨の管理限界値 上昇する 計数汚染度 高い =>当社推奨の管理限界値のNAS級以内 計数汚染度 ある,0.03571428571428571,1.0,14.0
ニッケル マンガン 含む =>粒子 検出する,0.03571428571428571,1.0,14.0
バリウム 検出する =>粒子 検出する,0.03571428571428571,1.0,14.0
マンガン クロム 含む =>粒子 検出する,0.03571428571428571,1.0,14.0
油の添加剤成分 含む =>粒子 検出する,0.03571428571428571,1.0,14.0
油温 cm程度 なる =>粒子 検出する,0.03571428571428571,1.0,14.0
油温 沈降速度 サイズ 変化する =>粒子 検出する,0.03571428571428571,1.0,14.0
潤滑油 油温 撹拌する =>粒子 検出する,0.03571428571428571,1.0,14.0
鉄 含む =>粒子 検出する,0.03571428571428571,1.0,14.0
銅 含む =>粒子 検出する,0.03571428571428571,1.0,14.0
カルシウム 検出する リン 検出する =>粒子 検出する,0.03571428571428571,1.0,14.0
カルシウム 検出する 良好の範囲 異常摩耗の早期発見パラメータであるIs値がの乗 ある =>粒子 検出する,0.03571428571428571,1.0,14.0
ナトリウム 検出する リン 検出する =>粒子 検出する,0.03571428571428571,1.0,14.0
ナトリウム 検出する 良好の範囲 異常摩耗の早期発見パラメータであるIs値がの乗 ある =>粒子 検出する,0.03571428571428571,1.0,14.0
リン 検出する 良好の範囲 異常摩耗の早期発見パラメータであるIs値がの乗 ある =>粒子 検出する,0.03571428571428571,1.0,14.0
亜鉛 検出する 良好の範囲 異常摩耗の早期発見パラメータであるIs値がの乗 ある =>粒子 検出する,0.03571428571428571,1.0,14.0
良好の範囲 異常摩耗の早期発見パラメータであるIs値がの乗 ある 鉄 検出する =>粒子 検出する,0.03571428571428571,1.0,14.0
IRのデータ 良好の範囲 ある =>粘度 良好,0.03571428571428571,1.0,14.0
シリコングリース シール部 塗布する =>粘度 良好,0.03571428571428571,1.0,14.0
シリコングリース 潤滑油 混入する =>粘度 良好,0.03571428571428571,1.0,14.0
シリコン系の添加剤 検出する =>粘度 良好,0.03571428571428571,1.0,14.0
全酸価 良好の範囲 ある =>粘度 良好,0.03571428571428571,1.0,14.0
消泡剤の投与 シール部 砂 シール部 する =>粘度 良好,0.03571428571428571,1.0,14.0
潤滑油中 検出する =>粘度 良好,0.03571428571428571,1.0,14.0
砂 フィルタ 検出する =>粘度 良好,0.03571428571428571,1.0,14.0
砂 フィルタ表面の異物観察 検出する =>粘度 良好,0.03571428571428571,1.0,14.0
砂 フェログラフィー 検出する =>粘度 良好,0.03571428571428571,1.0,14.0
箇所 砂 ある =>粘度 良好,0.03571428571428571,1.0,14.0
フレッティング 発生する =>軸受の寿命の指標 なる,0.03571428571428571,1.0,14.0
フレーキング 進行する =>軸受の寿命の指標 なる,0.03571428571428571,1.0,14.0
赤錆 検出する =>軸受の寿命の指標 なる,0.03571428571428571,1.0,14.0
カルシウム 検出する =>亜鉛 検出する,0.07142857142857142,1.0,9.333333333333334
スラッジ 鉄 微細 =>亜鉛 検出する,0.03571428571428571,1.0,9.333333333333334
スラッジの発生重量汚染度 上昇する =>亜鉛 検出する,0.03571428571428571,1.0,9.333333333333334
ナトリウム 検出する =>亜鉛 検出する,0.07142857142857142,1.0,9.333333333333334
ニッケル マンガン 含む =>亜鉛 検出する,0.03571428571428571,1.0,9.333333333333334
バリウム 検出する =>亜鉛 検出する,0.03571428571428571,1.0,9.333333333333334
マンガン クロム 含む =>亜鉛 検出する,0.03571428571428571,1.0,9.333333333333334
リン 使用油である日石タービン 含む =>亜鉛 検出する,0.03571428571428571,1.0,9.333333333333334
リン 検出する =>亜鉛 検出する,0.07142857142857142,1.0,9.333333333333334
亜鉛 使用油である日石タービン 含む =>亜鉛 検出する,0.03571428571428571,1.0,9.333333333333334
油の添加剤成分 含む =>亜鉛 検出する,0.03571428571428571,1.0,9.333333333333334
表面 フィルタ表面の異物観察 当社推奨の管理限界値 なる =>亜鉛 検出する,0.03571428571428571,1.0,9.333333333333334
表面 茶褐色 当社推奨の管理限界値 なる =>亜鉛 検出する,0.03571428571428571,1.0,9.333333333333334
軸受軌道面の油膜形成 及ぼす =>亜鉛 検出する,0.03571428571428571,1.0,9.333333333333334
鉄 含む =>亜鉛 検出する,0.03571428571428571,1.0,9.333333333333334
鉄 検出する =>亜鉛 検出する,0.10714285714285714,1.0,9.333333333333334
銅 含む =>亜鉛 検出する,0.03571428571428571,1.0,9.333333333333334
IRのデータ 良好の範囲 ある =>水分 良好,0.03571428571428571,1.0,9.333333333333334
シリコングリース シール部 塗布する =>水分 良好,0.03571428571428571,1.0,9.333333333333334
シリコングリース 潤滑油 混入する =>水分 良好,0.03571428571428571,1.0,9.333333333333334
シリコン系の添加剤 検出する =>水分 良好,0.03571428571428571,1.0,9.333333333333334
全酸価 良好の範囲 ある =>水分 良好,0.03571428571428571,1.0,9.333333333333334
消泡剤の投与 シール部 砂 シール部 する =>水分 良好,0.03571428571428571,1.0,9.333333333333334
潤滑油中 検出する =>水分 良好,0.03571428571428571,1.0,9.333333333333334
砂 フィルタ 検出する =>水分 良好,0.03571428571428571,1.0,9.333333333333334
砂 フィルタ表面の異物観察 検出する =>水分 良好,0.03571428571428571,1.0,9.333333333333334
砂 フェログラフィー 検出する =>水分 良好,0.03571428571428571,1.0,9.333333333333334
箇所 砂 ある =>水分 良好,0.03571428571428571,1.0,9.333333333333334
IRのデータ 良好の範囲 ある =>良好の範囲 異常摩耗の早期発見パラメータであるIs値がの乗 ある,0.03571428571428571,1.0,9.333333333333334
シリコングリース シール部 塗布する =>良好の範囲 異常摩耗の早期発見パラメータであるIs値がの乗 ある,0.03571428571428571,1.0,9.333333333333334
シリコングリース 潤滑油 混入する =>良好の範囲 異常摩耗の早期発見パラメータであるIs値がの乗 ある,0.03571428571428571,1.0,9.333333333333334
シリコン系の添加剤 検出する =>良好の範囲 異常摩耗の早期発見パラメータであるIs値がの乗 ある,0.03571428571428571,1.0,9.333333333333334
ニッケル マンガン 含む =>良好の範囲 異常摩耗の早期発見パラメータであるIs値がの乗 ある,0.03571428571428571,1.0,9.333333333333334
バリウム 検出する =>良好の範囲 異常摩耗の早期発見パラメータであるIs値がの乗 ある,0.03571428571428571,1.0,9.333333333333334
マンガン クロム 含む =>良好の範囲 異常摩耗の早期発見パラメータであるIs値がの乗 ある,0.03571428571428571,1.0,9.333333333333334
全酸価 良好の範囲 ある =>良好の範囲 異常摩耗の早期発見パラメータであるIs値がの乗 ある,0.03571428571428571,1.0,9.333333333333334
油の添加剤成分 含む =>良好の範囲 異常摩耗の早期発見パラメータであるIs値がの乗 ある,0.03571428571428571,1.0,9.333333333333334
消泡剤の投与 シール部 砂 シール部 する =>良好の範囲 異常摩耗の早期発見パラメータであるIs値がの乗 ある,0.03571428571428571,1.0,9.333333333333334
潤滑油中 検出する =>良好の範囲 異常摩耗の早期発見パラメータであるIs値がの乗 ある,0.03571428571428571,1.0,9.333333333333334
潤滑状態 良好 =>良好の範囲 異常摩耗の早期発見パラメータであるIs値がの乗 ある,0.03571428571428571,1.0,9.333333333333334
砂 フィルタ 検出する =>良好の範囲 異常摩耗の早期発見パラメータであるIs値がの乗 ある,0.03571428571428571,1.0,9.333333333333334
砂 フィルタ表面の異物観察 検出する =>良好の範囲 異常摩耗の早期発見パラメータであるIs値がの乗 ある,0.03571428571428571,1.0,9.333333333333334
砂 フェログラフィー 検出する =>良好の範囲 異常摩耗の早期発見パラメータであるIs値がの乗 ある,0.03571428571428571,1.0,9.333333333333334
箇所 砂 ある =>良好の範囲 異常摩耗の早期発見パラメータであるIs値がの乗 ある,0.03571428571428571,1.0,9.333333333333334
鉄 含む =>良好の範囲 異常摩耗の早期発見パラメータであるIs値がの乗 ある,0.03571428571428571,1.0,9.333333333333334
銅 含む =>良好の範囲 異常摩耗の早期発見パラメータであるIs値がの乗 ある,0.03571428571428571,1.0,9.333333333333334
IRのデータ 水分 良好 =>計数汚染度 高い,0.03571428571428571,1.0,9.333333333333334
IRのデータ 粘度 良好 =>計数汚染度 高い,0.03571428571428571,1.0,9.333333333333334
全酸価 水分 良好 =>計数汚染度 高い,0.03571428571428571,1.0,9.333333333333334
全酸価 粘度 良好 =>計数汚染度 高い,0.03571428571428571,1.0,9.333333333333334
当社推奨の管理限界値のNAS級以内 計数汚染度 ある =>計数汚染度 高い,0.07142857142857142,1.0,9.333333333333334
計数汚染度 なる =>計数汚染度 高い,0.03571428571428571,1.0,9.333333333333334
計数汚染度 当社推奨の管理限界値内 水分 ある =>計数汚染度 高い,0.03571428571428571,1.0,9.333333333333334
計数汚染度 良好 =>計数汚染度 高い,0.03571428571428571,1.0,9.333333333333334
重量汚染度 水分 汚染する =>計数汚染度 高い,0.03571428571428571,1.0,9.333333333333334
高い値 なる =>計数汚染度 高い,0.03571428571428571,1.0,9.333333333333334
カルシウム 検出する =>鉄 検出する,0.07142857142857142,1.0,9.333333333333334
スラッジ 鉄 微細 =>鉄 検出する,0.03571428571428571,1.0,9.333333333333334
スラッジの発生重量汚染度 上昇する =>鉄 検出する,0.03571428571428571,1.0,9.333333333333334
ナトリウム 検出する =>鉄 検出する,0.07142857142857142,1.0,9.333333333333334
ニッケル マンガン 含む =>鉄 検出する,0.03571428571428571,1.0,9.333333333333334
バリウム 検出する =>鉄 検出する,0.03571428571428571,1.0,9.333333333333334
マンガン クロム 含む =>鉄 検出する,0.03571428571428571,1.0,9.333333333333334
リン 使用油である日石タービン 含む =>鉄 検出する,0.03571428571428571,1.0,9.333333333333334
リン 検出する =>鉄 検出する,0.07142857142857142,1.0,9.333333333333334
亜鉛 使用油である日石タービン 含む =>鉄 検出する,0.03571428571428571,1.0,9.333333333333334
亜鉛 検出する =>鉄 検出する,0.10714285714285714,1.0,9.333333333333334
油の添加剤成分 含む =>鉄 検出する,0.03571428571428571,1.0,9.333333333333334
表面 フィルタ表面の異物観察 当社推奨の管理限界値 なる =>鉄 検出する,0.03571428571428571,1.0,9.333333333333334
表面 茶褐色 当社推奨の管理限界値 なる =>鉄 検出する,0.03571428571428571,1.0,9.333333333333334
軸受軌道面の油膜形成 及ぼす =>鉄 検出する,0.03571428571428571,1.0,9.333333333333334
鉄 含む =>鉄 検出する,0.03571428571428571,1.0,9.333333333333334
銅 含む =>鉄 検出する,0.03571428571428571,1.0,9.333333333333334
mg/ml 上昇する =>当社推奨の管理限界値 上昇する,0.07142857142857142,1.0,5.6
スラッジ 鉄 微細 =>当社推奨の管理限界値 上昇する,0.03571428571428571,1.0,5.6
スラッジの発生重量汚染度 上昇する =>当社推奨の管理限界値 上昇する,0.03571428571428571,1.0,5.6
リン 使用油である日石タービン 含む =>当社推奨の管理限界値 上昇する,0.03571428571428571,1.0,5.6
亜鉛 使用油である日石タービン 含む =>当社推奨の管理限界値 上昇する,0.03571428571428571,1.0,5.6
当社推奨の管理限界値のmg/ml以内 .mg/ml ある =>当社推奨の管理限界値 上昇する,0.03571428571428571,1.0,5.6
表面 フィルタ表面の異物観察 当社推奨の管理限界値 なる =>当社推奨の管理限界値 上昇する,0.03571428571428571,1.0,5.6
表面 茶褐色 当社推奨の管理限界値 なる =>当社推奨の管理限界値 上昇する,0.03571428571428571,1.0,5.6
計数汚染度 なる =>当社推奨の管理限界値 上昇する,0.03571428571428571,1.0,5.6
軸受軌道面の油膜形成 及ぼす =>当社推奨の管理限界値 上昇する,0.03571428571428571,1.0,5.6
重量汚染度 良好 =>当社推奨の管理限界値 上昇する,0.03571428571428571,1.0,5.6
高い値 なる =>当社推奨の管理限界値 上昇する,0.03571428571428571,1.0,5.6
