動詞クラス,動詞,co_freq
（人との関わりに基づく）対象の性質,分かる,5568.0
（人との関わりに基づく）対象の性質,受ける,1242.0
（人との関わりに基づく）対象の性質,呼ぶ,192.0
（人との関わりに基づく）対象の性質,切れる,96.0
（人との関わりに基づく）対象の性質,要する,48.0
（人との関わりに基づく）対象の性質,頂ける,30.0
（人との関わりに基づく）対象の性質,言う,14.0
（人との関わりに基づく）対象の性質,役立つ,10.0
（人との関わりに基づく）対象の性質,取れる,9.0
（人との関わりに基づく）対象の性質,裏付ける,5.0
（人との関わりに基づく）対象の性質,耐える,4.0
（人との関わりに基づく）対象の性質,懸かる,1.0
非遂行,避ける,194.0
非遂行,残る,95.0
非遂行,誤る,62.0
非遂行,見落とす,50.0
非遂行,抜く,27.0
非遂行,落とす,12.0
非遂行,回避する,7.0
非遂行,終わる,5.0
非遂行,妨げる,4.0
非遂行,外す,4.0
非遂行,流す,2.0
非遂行,生かす,1.0
非意志的な運動・反応,反応する,456.0
非意志的な運動・反応,重合する,165.0
非意志的な運動・反応,逆転する,98.0
非意志的な運動・反応,振動する,87.0
非意志的な運動・反応,運転する,49.0
非意志的な運動・反応,上げる,30.0
非意志的な運動・反応,動作する,24.0
非意志的な運動・反応,戻す,21.0
非意志的な運動・反応,言う,14.0
非意志的な運動・反応,回る,12.0
非意志的な運動・反応,稼働する,10.0
非意志的な運動・反応,流れる,9.0
非意志的な運動・反応,出す,6.0
非意志的な運動・反応,差し引く,4.0
非意志的な運動・反応,打つ,3.0
非意志的な運動・反応,流す,2.0
非意志的な運動・反応,動く,2.0
非意志的な運動・反応,自転する,1.0
非意志的な運動・反応,回す,1.0
関係の変化,なる,22463.0
関係の変化,一致する,1363.0
関係の変化,係る,878.0
関係の変化,溶出する,772.0
関係の変化,入る,633.0
関係の変化,有効,568.0
関係の変化,満たす,510.0
関係の変化,繋がる,442.0
関係の変化,混合する,437.0
関係の変化,同様,401.0
関係の変化,同等,368.0
関係の変化,上回る,337.0
関係の変化,つながる,290.0
関係の変化,よる,254.0
関係の変化,因る,240.0
関係の変化,近い,234.0
関係の変化,入れる,179.0
関係の変化,かきあげる,172.0
関係の変化,分離する,169.0
関係の変化,分かれる,99.0
関係の変化,逆転する,98.0
関係の変化,切れる,96.0
関係の変化,乗る,84.0
関係の変化,取る,80.0
関係の変化,かかわる,79.0
関係の変化,進む,75.0
関係の変化,切る,69.0
関係の変化,寄与する,54.0
関係の変化,起因する,53.0
関係の変化,補充する,47.0
関係の変化,撹拌する,47.0
関係の変化,含める,37.0
関係の変化,押す,34.0
関係の変化,合わせる,24.0
関係の変化,溶け込む,23.0
関係の変化,関与する,22.0
関係の変化,超す,22.0
関係の変化,代入する,20.0
関係の変化,中和する,20.0
関係の変化,応じる,19.0
関係の変化,分解する,19.0
関係の変化,脱落する,18.0
関係の変化,ずれる,16.0
関係の変化,組む,14.0
関係の変化,関係する,12.0
関係の変化,回る,12.0
関係の変化,含有する,12.0
関係の変化,複合する,11.0
関係の変化,分ける,10.0
関係の変化,補足する,9.0
関係の変化,支持する,9.0
関係の変化,接続する,9.0
関係の変化,等しい,7.0
関係の変化,合致する,7.0
関係の変化,符合する,6.0
関係の変化,似る,6.0
関係の変化,越える,5.0
関係の変化,かみあわせる,5.0
関係の変化,整合する,4.0
関係の変化,揃える,4.0
関係の変化,差し引く,4.0
関係の変化,飽和する,3.0
関係の変化,除外する,3.0
関係の変化,超過する,3.0
関係の変化,合う,3.0
関係の変化,つなげる,3.0
関係の変化,詰まる,2.0
関係の変化,総合する,2.0
関係の変化,結合する,2.0
関係の変化,破る,2.0
関係の変化,溶ける,2.0
関係の変化,溢れる,2.0
関係の変化,数える,2.0
関係の変化,相違する,1.0
関係の変化,発する,1.0
関係の変化,抜ける,1.0
関係の変化,懸かる,1.0
関係の変化,埋まる,1.0
関係の変化,囲う,1.0
関係の変化,割れる,1.0
関係,なる,22463.0
関係,高い,16006.0
関係,する,5990.0
関係,低い,2376.0
関係,知る,2292.0
関係,違う,1467.0
関係,少ない,1211.0
関係,係る,878.0
関係,多い,842.0
関係,異なる,786.0
関係,有効,568.0
関係,満たす,510.0
関係,伴う,467.0
関係,併せる,463.0
関係,深い,450.0
関係,繋がる,442.0
関係,引き起こす,424.0
関係,同様,401.0
関係,同等,368.0
関係,つながる,290.0
関係,よる,254.0
関係,因る,240.0
関係,近い,234.0
関係,軽微,136.0
関係,不足する,129.0
関係,短い,119.0
関係,占める,105.0
関係,十分,102.0
関係,切れる,96.0
関係,均衡する,93.0
関係,該当する,91.0
関係,過大,88.0
関係,外れる,83.0
関係,かかわる,79.0
関係,割る,74.0
関係,切る,69.0
関係,厚い,66.0
関係,少量,55.0
関係,起因する,53.0
関係,長い,45.0
関係,基づく,40.0
関係,上げる,30.0
関係,抜く,27.0
関係,狭い,25.0
関係,代入する,20.0
関係,応じる,19.0
関係,微小,19.0
関係,限る,15.0
関係,上がる,14.0
関係,続く,13.0
関係,含有する,12.0
関係,相当する,10.0
関係,偏る,10.0
関係,取れる,9.0
関係,類似する,8.0
関係,欠ける,8.0
関係,等しい,7.0
関係,直結する,7.0
関係,急激,7.0
関係,微細,7.0
関係,著しい,6.0
関係,符合する,6.0
関係,及ぶ,6.0
関係,似る,6.0
関係,関連する,4.0
関係,整合する,4.0
関係,平衡する,3.0
関係,合う,3.0
関係,不十分,3.0
関係,つなげる,3.0
関係,適合する,2.0
関係,目立つ,2.0
関係,狭小,2.0
関係,当たる,2.0
関係,広い,2.0
関係,際立つ,1.0
関係,足る,1.0
関係,相違する,1.0
関係,発する,1.0
関係,由来する,1.0
関係,極端,1.0
関係,懸かる,1.0
関係,並ぶ,1.0
開始・終了,起こす,1474.0
開始・終了,受ける,1242.0
開始・終了,終了する,347.0
開始・終了,停止する,244.0
開始・終了,入れる,179.0
開始・終了,切れる,96.0
開始・終了,始まる,77.0
開始・終了,切る,69.0
開始・終了,再開する,69.0
開始・終了,開始する,36.0
開始・終了,上げる,30.0
開始・終了,開く,29.0
開始・終了,完了する,16.0
開始・終了,上がる,14.0
開始・終了,始める,13.0
開始・終了,落とす,12.0
開始・終了,止める,11.0
開始・終了,流れる,9.0
開始・終了,作動する,6.0
開始・終了,終わる,5.0
開始・終了,始動する,3.0
開始・終了,破る,2.0
開始・終了,流す,2.0
開始・終了,引く,2.0
開始・終了,止まる,1.0
開始・終了,懸かる,1.0
開始・終了,中止する,1.0
遂行,なす,327.0
遂行,達する,84.0
遂行,果たす,59.0
遂行,回る,12.0
遂行,塞ぐ,6.0
遂行,届く,1.0
進行状況の変化,進行する,4904.0
進行状況の変化,進める,125.0
進行状況の変化,進む,75.0
進行状況の変化,向かう,64.0
進行状況の変化,開ける,9.0
進行状況の変化,向上する,9.0
進行状況の変化,発展する,3.0
進行状況の変化,詰まる,2.0
進行状況の変化,動く,2.0
進歩を促す動作,促進する,231.0
進歩を促す動作,推進する,39.0
身体的動作,実施する,28066.0
身体的動作,用いる,7435.0
身体的動作,する,5990.0
身体的動作,使用する,4751.0
身体的動作,致す,215.0
身体的動作,適用する,93.0
身体的動作,取る,80.0
身体的動作,活用する,75.0
身体的動作,切る,69.0
身体的動作,運転する,49.0
身体的動作,役立てる,48.0
身体的動作,利用する,46.0
身体的動作,上げる,30.0
身体的動作,跳ね上がる,28.0
身体的動作,立てる,26.0
身体的動作,言う,14.0
身体的動作,上がる,14.0
身体的動作,食い込む,11.0
身体的動作,稼働する,10.0
身体的動作,さす,9.0
身体的動作,はらう,7.0
身体的動作,負荷する,6.0
身体的動作,頂く,5.0
身体的動作,使う,5.0
身体的動作,移す,4.0
身体的動作,働く,4.0
身体的動作,送る,3.0
身体的動作,揚げる,3.0
身体的動作,繰る,2.0
身体的動作,振る,2.0
身体的動作,当てる,2.0
身体的動作,引く,2.0
身体的動作,吸込む,2.0
身体的動作,動く,2.0
身体的動作,スイングする,2.0
身体的動作,かむ,2.0
身体的動作,立つ,1.0
身体的動作,生かす,1.0
身体的動作,渡る,1.0
身体的動作,止まる,1.0
身体的動作,懸かる,1.0
身体的動作,回す,1.0
身体的動作,吹き付ける,1.0
自然現象,する,5990.0
自然現象,経過する,1190.0
自然現象,入る,633.0
自然現象,崩れる,167.0
自然現象,切れる,96.0
自然現象,下がる,36.0
自然現象,行く,21.0
自然現象,回る,12.0
自然現象,流れる,9.0
自然現象,越える,5.0
自然現象,ばらつく,4.0
自然現象,重ねる,1.0
自然現象,過ぎる,1.0
自然現象,立つ,1.0
自然現象,来る,1.0
結果,違う,1467.0
結果,受ける,1242.0
結果,間違う,114.0
結果,外れる,83.0
結果,誤る,62.0
結果,早まる,37.0
結果,行く,21.0
結果,決まる,12.0
結果,食い込む,11.0
結果,及ぶ,6.0
結果,終わる,5.0
結果,取り外す,3.0
結果,当てる,2.0
結果,当たる,2.0
結果,決める,1.0
移動動作,循環する,353.0
移動動作,回転する,261.0
移動動作,回る,12.0
移動動作,流れる,9.0
移動動作,往復する,4.0
移動動作,流す,2.0
移動動作,走る,1.0
移動動作,巡回する,1.0
相手との関係の変化のための動作,取る,80.0
相手との関係の変化のための動作,向かう,64.0
相手との関係の変化のための動作,合わせる,24.0
相手との関係の変化のための動作,組む,14.0
相手との関係の変化のための動作,当たる,2.0
生成・消滅,ある,62097.0
生成・消滅,発生する,38941.0
生成・消滅,ない,8825.0
生成・消滅,する,5990.0
生成・消滅,出る,3008.0
生成・消滅,生じる,2001.0
生成・消滅,計算する,1889.0
生成・消滅,起こす,1474.0
生成・消滅,出来る,1280.0
生成・消滅,設定する,1208.0
生成・消滅,なくなる,1085.0
生成・消滅,設置する,1077.0
生成・消滅,生成する,631.0
生成・消滅,除く,525.0
生成・消滅,形成する,476.0
生成・消滅,分散する,407.0
生成・消滅,混在する,263.0
生成・消滅,滞留する,205.0
生成・消滅,入れる,179.0
生成・消滅,払う,166.0
生成・消滅,計画する,148.0
生成・消滅,算出する,136.0
生成・消滅,起きる,102.0
生成・消滅,起こる,92.0
生成・消滅,取る,80.0
生成・消滅,いる,75.0
生成・消滅,割る,74.0
生成・消滅,消失する,66.0
生成・消滅,想像する,60.0
生成・消滅,果たす,59.0
生成・消滅,もつ,48.0
生成・消滅,いえる,33.0
生成・消滅,上げる,30.0
生成・消滅,開く,29.0
生成・消滅,立てる,26.0
生成・消滅,常設する,26.0
生成・消滅,図る,26.0
生成・消滅,再発する,22.0
生成・消滅,消える,21.0
生成・消滅,ござる,19.0
生成・消滅,設計する,18.0
生成・消滅,有る,17.0
生成・消滅,かかる,17.0
生成・消滅,設ける,14.0
生成・消滅,組む,14.0
生成・消滅,上がる,14.0
生成・消滅,内在する,13.0
生成・消滅,とる,13.0
生成・消滅,落とす,12.0
生成・消滅,発熱する,12.0
生成・消滅,顕著,11.0
生成・消滅,巻く,11.0
生成・消滅,介在する,11.0
生成・消滅,無くなる,10.0
生成・消滅,排する,10.0
生成・消滅,流れる,9.0
生成・消滅,取れる,9.0
生成・消滅,表現する,8.0
生成・消滅,消滅する,8.0
生成・消滅,誘発する,7.0
生成・消滅,解消する,6.0
生成・消滅,出す,6.0
生成・消滅,併用する,6.0
生成・消滅,さらす,6.0
生成・消滅,触診する,5.0
生成・消滅,作成する,5.0
生成・消滅,確立する,4.0
生成・消滅,埋没する,4.0
生成・消滅,合計する,4.0
生成・消滅,偏在する,4.0
生成・消滅,不可避,4.0
生成・消滅,つくる,4.0
生成・消滅,頻発する,3.0
生成・消滅,造る,3.0
生成・消滅,脱脂する,3.0
生成・消滅,打つ,3.0
生成・消滅,選ぶ,2.0
生成・消滅,整える,2.0
生成・消滅,採る,2.0
生成・消滅,振る,2.0
生成・消滅,引く,2.0
生成・消滅,廃棄する,2.0
生成・消滅,喪失する,2.0
生成・消滅,再現する,2.0
生成・消滅,倒れる,2.0
生成・消滅,かむ,2.0
生成・消滅,立つ,1.0
生成・消滅,来る,1.0
生成・消滅,懸かる,1.0
生成・消滅,多発する,1.0
生成・消滅,とれる,1.0
状態維持,監視する,3001.0
状態維持,管理する,656.0
状態維持,保持する,498.0
状態維持,予防する,160.0
状態維持,保つ,83.0
状態維持,チェックする,64.0
状態維持,防止する,54.0
状態維持,維持する,43.0
状態維持,保管する,39.0
状態維持,押す,34.0
状態維持,立てる,26.0
状態維持,開ける,9.0
状態維持,確保する,9.0
状態維持,支持する,9.0
状態維持,防ぐ,8.0
状態維持,弱い,8.0
状態維持,支える,5.0
状態維持,耐える,4.0
状態維持,残す,3.0
状態維持,抑制する,3.0
状態維持,激しい,2.0
状態維持,強力,2.0
状態維持,保てる,2.0
状態維持,立つ,1.0
状態変化,正常,3822.0
状態変化,重要,734.0
状態変化,変動する,529.0
状態変化,悪化する,29.0
状態変化,イオン化する,24.0
状態変化,落とす,12.0
状態変化,正しい,12.0
状態変化,沈む,10.0
状態変化,弱い,8.0
状態変化,過熱する,6.0
状態変化,急変する,6.0
状態変化,定める,3.0
状態変化,落ち着く,2.0
状態変化,照らす,2.0
状態変化,濁る,2.0
状態変化,激しい,2.0
状態変化,強力,2.0
状態変化,収まる,1.0
状態変化,傾く,1.0
状態変化,主要,1.0
状態,留まる,1455.0
状態,落ち着く,2.0
未登録,起す,6061.0
未登録,ppm検出する,2286.0
未登録,ランク上昇する,2005.0
未登録,ランク減少する,1887.0
未登録,定量化する,1784.0
未登録,ランク増加する,1765.0
未登録,くださる,1697.0
未登録,無い,1418.0
未登録,更,1344.0
未登録,ランク低下する,1230.0
未登録,傾向監視する,1073.0
未登録,安定,837.0
未登録,わかる,786.0
未登録,いたす,529.0
未登録,異常,510.0
未登録,大型化する,492.0
未登録,桁上昇する,334.0
未登録,判る,320.0
未登録,すべる,300.0
未登録,お願いする,265.0
未登録,分光する,244.0
未登録,.ppm検出する,223.0
未登録,黒化する,222.0
未登録,行える,176.0
未登録,僅か,171.0
未登録,酸化劣化する,157.0
未登録,微量検出する,135.0
未登録,min減少する,127.0
未登録,いただける,123.0
未登録,桁減少する,110.0
未登録,あらわす,109.0
未登録,いただく,107.0
未登録,桁低下する,103.0
未登録,m増加する,101.0
未登録,分る,100.0
未登録,中和反応する,89.0
未登録,観る,86.0
未登録,継続使用する,77.0
未登録,とらえる,77.0
未登録,程度摩耗する,69.0
未登録,追加実施する,67.0
未登録,化学反応する,65.0
未登録,年使用する,63.0
未登録,もとめる,60.0
未登録,行なう,56.0
未登録,おこなう,54.0
未登録,達す,51.0
未登録,min上昇する,46.0
未登録,min増加する,45.0
未登録,でる,44.0
未登録,ランク改善する,43.0
未登録,いたる,43.0
未登録,配列数値化する,40.0
未登録,.検出する,38.0
未登録,数値化する,36.0
未登録,もどす,36.0
未登録,各々上昇する,35.0
未登録,摩耗形態観察する,34.0
未登録,摺動する,33.0
未登録,ppm増加する,33.0
未登録,傾向管理する,32.0
未登録,適す,31.0
未登録,あたえる,31.0
未登録,m摩耗する,31.0
未登録,良い,29.0
未登録,停る,28.0
未登録,.m摩耗する,28.0
未登録,溶解分散する,27.0
未登録,%減少する,27.0
未登録,ヶ月間使用する,25.0
未登録,.mgKOH/g上昇する,25.0
未登録,易い,24.0
未登録,勘合する,22.0
未登録,全量交換する,22.0
未登録,フラッシングする,22.0
未登録,形態観察観察する,21.0
未登録,あたる,21.0
未登録,.m増加する,21.0
未登録,短命化する,20.0
未登録,次元化する,20.0
未登録,摩耗損傷する,20.0
未登録,ppm減少する,20.0
未登録,発錆する,19.0
未登録,継続監視する,18.0
未登録,疲労剥離する,18.0
未登録,延伸化する,18.0
未登録,スラッジ化する,18.0
未登録,cm程度沈降する,18.0
未登録,cm沈降する,18.0
未登録,診断評価する,17.0
未登録,年経過する,17.0
未登録,回実施する,17.0
未登録,バランスする,17.0
未登録,鉛メッキする,16.0
未登録,各々増加する,16.0
未登録,分解点検する,16.0
未登録,mgKOH/g比較する,16.0
未登録,熱分解する,15.0
未登録,早期発見する,15.0
未登録,亜鉛メッキする,15.0
未登録,近づく,14.0
未登録,見出す,14.0
未登録,繰返す,14.0
未登録,発生残留する,14.0
未登録,桁改善する,14.0
未登録,交換軟化する,14.0
未登録,リットル程度補給する,14.0
未登録,トリップする,14.0
未登録,あらう,14.0
未登録,主,13.0
未登録,ppm上昇する,13.0
未登録,計数する,12.0
未登録,給脂する,12.0
未登録,排油する,12.0
未登録,年間使用する,12.0
未登録,全量実施する,12.0
未登録,個観察する,12.0
未登録,.mgKOH/g増加する,12.0
未登録,追加分析する,11.0
未登録,.mg/ml増加する,11.0
未登録,関わる,10.0
未登録,長期間化する,10.0
未登録,反応生成する,10.0
未登録,全量採油する,10.0
未登録,個カウントする,10.0
未登録,ともなう,10.0
未登録,軽度,9.0
未登録,偏摩耗する,9.0
未登録,使用継続する,9.0
未登録,伺える,9.0
未登録,おきる,9.0
未登録,開放点検する,8.0
未登録,過す,8.0
未登録,精点A実施する,8.0
未登録,消泡する,8.0
未登録,油する,8.0
未登録,担保する,8.0
未登録,多数確認する,8.0
未登録,偏心する,8.0
未登録,ヶ月間停止する,8.0
未登録,ラン増加する,8.0
未登録,およぼす,8.0
未登録,あわせる,8.0
未登録,pm検出する,8.0
未登録,NAS級到達する,8.0
未登録,おく,7.0
未登録,ppm各々増加する,7.0
未登録,重合反応する,6.0
未登録,診断解析する,6.0
未登録,結びつく,6.0
未登録,程度影響する,6.0
未登録,移着する,6.0
未登録,標準化する,6.0
未登録,桁増加する,6.0
未登録,日経過する,6.0
未登録,心がける,6.0
未登録,微量増加する,6.0
未登録,微小欠損する,6.0
未登録,当たりする,6.0
未登録,強制循環する,6.0
未登録,充水する,6.0
未登録,倍増加する,6.0
未登録,付着堆積する,6.0
未登録,モニタする,6.0
未登録,わする,6.0
未登録,いう,6.0
未登録,~％添加する,6.0
未登録,mm上昇する,6.0
未登録,mgKOH/g上昇する,6.0
未登録,L廃油する,6.0
未登録,.％上昇する,6.0
未登録,.mg/ml減少する,6.0
未登録,解析評価する,5.0
未登録,至急変更する,5.0
未登録,直接接触する,5.0
未登録,理論計算する,5.0
未登録,気づく,5.0
未登録,比較評価する,5.0
未登録,比較検討する,5.0
未登録,機器稼動する,5.0
未登録,採取分析する,5.0
未登録,充分,5.0
未登録,ランク悪化する,5.0
未登録,トライボ診断する,5.0
未登録,うかがえる,5.0
未登録,ppm低下する,5.0
未登録,L補給する,5.0
未登録,.％減少する,5.0
未登録,音波洗浄する,4.0
未登録,鉄検出する,4.0
未登録,過剰,4.0
未登録,進行状況確認する,4.0
未登録,通り確認する,4.0
未登録,起動停止する,4.0
未登録,試料採取する,4.0
未登録,解る,4.0
未登録,置換える,4.0
未登録,程度稼動する,4.0
未登録,程度冠水する,4.0
未登録,発生原因観察する,4.0
未登録,溶出摩耗する,4.0
未登録,水分低下する,4.0
未登録,替る,4.0
未登録,推奨島する,4.0
未登録,循環使用する,4.0
未登録,往復転動する,4.0
未登録,当る,4.0
未登録,奨めする,4.0
未登録,大量,4.0
未登録,回分析する,4.0
未登録,取り除ける,4.0
未登録,判する,4.0
未登録,偏芯する,4.0
未登録,依る,4.0
未登録,亘る,4.0
未登録,一定量除去する,4.0
未登録,リットル補給する,4.0
未登録,ニッケルメッキする,4.0
未登録,スペクトルパターン一致する,4.0
未登録,れる,4.0
未登録,みえる,4.0
未登録,かりる,4.0
未登録,うける,4.0
未登録,min低下する,4.0
未登録,mg/ml上昇する,4.0
未登録,.上昇する,4.0
未登録,.mg/ml改善する,4.0
未登録,%程度摩耗する,4.0
未登録,%摩耗する,4.0
未登録,静置する,3.0
未登録,観察分析する,3.0
未登録,要す,3.0
未登録,行い対処する,3.0
未登録,目視点検する,3.0
未登録,発生数する,3.0
未登録,状態移行する,3.0
未登録,特性する,3.0
未登録,濾過発生する,3.0
未登録,潤滑油使用する,3.0
未登録,混合攪拌する,3.0
未登録,液状化する,3.0
未登録,水分管理する,3.0
未登録,機械加工する,3.0
未登録,有す,3.0
未登録,摩耗粒子観察する,3.0
未登録,摩耗発生する,3.0
未登録,対す,3.0
未登録,回採油する,3.0
未登録,分離沈降する,3.0
未登録,凝着摩耗混在する,3.0
未登録,内部発生する,3.0
未登録,傾向監視継続使用する,3.0
未登録,倍弱検出する,3.0
未登録,介す,3.0
未登録,ネジ止めする,3.0
未登録,ナトリウム検出する,3.0
未登録,アルト推定する,3.0
未登録,よぶ,3.0
未登録,したがう,3.0
未登録,NAS級ランク低下する,3.0
未登録,H経過する,3.0
未登録,.ppm増加する,3.0
未登録,黒色化する,2.0
未登録,高分子化する,2.0
未登録,顕在化する,2.0
未登録,障害発生する,2.0
未登録,週間経過する,2.0
未登録,通り推奨する,2.0
未登録,資料する,2.0
未登録,評価判断する,2.0
未登録,設する,2.0
未登録,複数回実施する,2.0
未登録,表面観察する,2.0
未登録,表面写真H年月実施する,2.0
未登録,表面写真EMBEDWord.リンicture.H年実施する,2.0
未登録,行い確認する,2.0
未登録,置する,2.0
未登録,総合的把握する,2.0
未登録,継続実施する,2.0
未登録,窺える,2.0
未登録,監視強化する,2.0
未登録,混合成型する,2.0
未登録,混合使用する,2.0
未登録,浄油する,2.0
未登録,油名確認提供する,2.0
未登録,検知する,2.0
未登録,時間使用する,2.0
未登録,断熱圧縮する,2.0
未登録,摩耗粒子推定する,2.0
未登録,抽出定量化する,2.0
未登録,少い,2.0
未登録,合計箇所採油する,2.0
未登録,効果混合する,2.0
未登録,分析実施する,2.0
未登録,分する,2.0
未登録,全量採取する,2.0
未登録,倍強増加する,2.0
未登録,余寿命検出する,2.0
未登録,余り変化する,2.0
未登録,付着捕捉する,2.0
未登録,交換観察する,2.0
未登録,一端上昇する,2.0
未登録,ギャップ調整する,2.0
未登録,オーバーフローする,2.0
未登録,エステル分解する,2.0
未登録,つたう,2.0
未登録,たす,2.0
未登録,しめす,2.0
未登録,こと推奨する,2.0
未登録,こえる,2.0
未登録,きる,2.0
未登録,からい,2.0
未登録,ありえる,2.0
未登録,あらい,2.0
未登録,~ppm検出する,2.0
未登録,m沈降する,2.0
未登録,mgKOH/g増加する,2.0
未登録,mg/ml増加する,2.0
未登録,.摩耗する,2.0
未登録,.~.mgKOH/g程度増加する,2.0
未登録,.wt%検出する,2.0
未登録,.cm沈降する,2.0
未登録,-％低下する,2.0
未登録,%低下する,2.0
未登録,長期停止する,1.0
未登録,銅使用する,1.0
未登録,鉄系材料使用する,1.0
未登録,過程する,1.0
未登録,進する,1.0
未登録,追加計算する,1.0
未登録,追加検討する,1.0
未登録,調査検討する,1.0
未登録,評価診断する,1.0
未登録,至急除去する,1.0
未登録,脱落混入する,1.0
未登録,組成観察する,1.0
未登録,程度減少する,1.0
未登録,移設する,1.0
未登録,確認観察する,1.0
未登録,短期化する,1.0
未登録,相当進行する,1.0
未登録,発生発生する,1.0
未登録,発生予防する,1.0
未登録,潤滑状態観察する,1.0
未登録,溶解分解する,1.0
未登録,溶化する,1.0
未登録,溶出検出する,1.0
未登録,溶出析出する,1.0
未登録,温度上昇する,1.0
未登録,温度トリップする,1.0
未登録,混入経路特定する,1.0
未登録,油面上昇する,1.0
未登録,油スペクトル一致する,1.0
未登録,沈降堆積する,1.0
未登録,気がかり,1.0
未登録,比較管理する,1.0
未登録,晒す,1.0
未登録,断面写真燃焼する,1.0
未登録,摩耗現在使用する,1.0
未登録,捕捉さする,1.0
未登録,振動周波数損傷発生箇所確認する,1.0
未登録,微量混入する,1.0
未登録,影響確認する,1.0
未登録,度実施する,1.0
未登録,度回転する,1.0
未登録,広範囲,1.0
未登録,年ヶ月使用する,1.0
未登録,差圧上昇する,1.0
未登録,差分する,1.0
未登録,多数発生する,1.0
未登録,外部混入する,1.0
未登録,合せる,1.0
未登録,原因解明する,1.0
未登録,動する,1.0
未登録,力不足,1.0
未登録,割程度摩耗する,1.0
未登録,剥離脱落する,1.0
未登録,前回分析する,1.0
未登録,制御渋滞する,1.0
未登録,分間静置する,1.0
未登録,分析比較する,1.0
未登録,傾向分析する,1.0
未登録,個分摩耗する,1.0
未登録,伝幡する,1.0
未登録,一部溶出する,1.0
未登録,リ発生する,1.0
未登録,ドレン配管分実施する,1.0
未登録,ドレンする,1.0
未登録,ジャッキアップする,1.0
未登録,もちいる,1.0
未登録,まねく,1.0
未登録,ひくい,1.0
未登録,ならう,1.0
未登録,つくれる,1.0
未登録,たてる,1.0
未登録,すい,1.0
未登録,くい,1.0
未登録,およぶ,1.0
未登録,~倍程度排油する,1.0
未登録,pp検出する,1.0
未登録,ppマンガン比較する,1.0
未登録,.％低下する,1.0
未登録,.~検出する,1.0
未登録,.cm程度沈降する,1.0
未登録,%程度低下する,1.0
所有,知る,2292.0
所有,含む,2137.0
所有,占める,105.0
所有,持つ,13.0
所有,残す,3.0
所有,帯びる,2.0
所有,保有する,1.0
情報・解決策を得るための動作,比較する,16129.0
情報・解決策を得るための動作,観察する,15979.0
情報・解決策を得るための動作,考える,11372.0
情報・解決策を得るための動作,用いる,7435.0
情報・解決策を得るための動作,する,5990.0
情報・解決策を得るための動作,分析する,5122.0
情報・解決策を得るための動作,思う,4595.0
情報・解決策を得るための動作,懸念する,4239.0
情報・解決策を得るための動作,求める,3938.0
情報・解決策を得るための動作,見る,3194.0
情報・解決策を得るための動作,検討する,2689.0
情報・解決策を得るための動作,含む,2137.0
情報・解決策を得るための動作,測定する,1962.0
情報・解決策を得るための動作,解析する,1168.0
情報・解決策を得るための動作,注意する,362.0
情報・解決策を得るための動作,踏まえる,274.0
情報・解決策を得るための動作,考慮する,235.0
情報・解決策を得るための動作,調査する,191.0
情報・解決策を得るための動作,照合する,188.0
情報・解決策を得るための動作,計測する,180.0
情報・解決策を得るための動作,払う,166.0
情報・解決策を得るための動作,取る,80.0
情報・解決策を得るための動作,絞る,55.0
情報・解決策を得るための動作,点検する,53.0
情報・解決策を得るための動作,見える,49.0
情報・解決策を得るための動作,捉える,31.0
情報・解決策を得るための動作,試みる,28.0
情報・解決策を得るための動作,比べる,27.0
情報・解決策を得るための動作,調べる,26.0
情報・解決策を得るための動作,合わせる,24.0
情報・解決策を得るための動作,考察する,15.0
情報・解決策を得るための動作,止める,11.0
情報・解決策を得るための動作,注目する,10.0
情報・解決策を得るための動作,開ける,9.0
情報・解決策を得るための動作,手入れする,8.0
情報・解決策を得るための動作,カウントする,7.0
情報・解決策を得るための動作,配慮する,6.0
情報・解決策を得るための動作,工夫する,6.0
情報・解決策を得るための動作,使う,5.0
情報・解決策を得るための動作,目指す,4.0
情報・解決策を得るための動作,働く,4.0
情報・解決策を得るための動作,検証する,3.0
情報・解決策を得るための動作,打つ,3.0
情報・解決策を得るための動作,試験する,2.0
情報・解決策を得るための動作,照らす,2.0
情報・解決策を得るための動作,数える,2.0
情報・解決策を得るための動作,探る,2.0
情報・解決策を得るための動作,心配する,2.0
情報・解決策を得るための動作,当たる,2.0
情報・解決策を得るための動作,引く,2.0
情報・解決策を得るための動作,診る,1.0
情報・解決策を得るための動作,触れる,1.0
情報・解決策を得るための動作,覚える,1.0
情報・解決策を得るための動作,検査する,1.0
情報・解決策を得るための動作,懸かる,1.0
情報・解決策を得るための動作,回す,1.0
対象の性質,用いる,7435.0
対象の性質,受ける,1242.0
対象の性質,発光する,366.0
対象の性質,入り込む,319.0
対象の性質,変化する,237.0
対象の性質,硬い,126.0
対象の性質,間違う,114.0
対象の性質,切れる,96.0
対象の性質,構成する,91.0
対象の性質,活用する,75.0
対象の性質,代表する,32.0
対象の性質,無害,26.0
対象の性質,黒い,23.0
対象の性質,潤滑する,22.0
対象の性質,白濁する,16.0
対象の性質,続く,13.0
対象の性質,持つ,13.0
対象の性質,赤みがかる,10.0
対象の性質,耐える,4.0
対象の性質,粘い,4.0
対象の性質,潤滑,4.0
対象の性質,働く,4.0
対象の性質,赤い,2.0
対象の性質,濁る,2.0
対象の性質,柔らかい,2.0
対象の性質,当たる,2.0
対象の性質,帯びる,2.0
対象の性質,透明,1.0
対象の性質,触れる,1.0
対象の性質,立つ,1.0
対象の性質,渡る,1.0
対象の性質,平滑,1.0
対象の変化（主体の判断に伴う変化）,確認する,28806.0
対象の変化（主体の判断に伴う変化）,検出する,16304.0
対象の変化（主体の判断に伴う変化）,用いる,7435.0
対象の変化（主体の判断に伴う変化）,する,5990.0
対象の変化（主体の判断に伴う変化）,採油する,5578.0
対象の変化（主体の判断に伴う変化）,分かる,5568.0
対象の変化（主体の判断に伴う変化）,評価する,3889.0
対象の変化（主体の判断に伴う変化）,出る,3008.0
対象の変化（主体の判断に伴う変化）,設定する,1208.0
対象の変化（主体の判断に伴う変化）,認める,577.0
対象の変化（主体の判断に伴う変化）,分類する,554.0
対象の変化（主体の判断に伴う変化）,改善する,430.0
対象の変化（主体の判断に伴う変化）,特定する,376.0
対象の変化（主体の判断に伴う変化）,現れる,345.0
対象の変化（主体の判断に伴う変化）,診断する,269.0
対象の変化（主体の判断に伴う変化）,判明する,263.0
対象の変化（主体の判断に伴う変化）,判定する,198.0
対象の変化（主体の判断に伴う変化）,入れる,179.0
対象の変化（主体の判断に伴う変化）,疲労する,136.0
対象の変化（主体の判断に伴う変化）,抜き取る,94.0
対象の変化（主体の判断に伴う変化）,取る,80.0
対象の変化（主体の判断に伴う変化）,切る,69.0
対象の変化（主体の判断に伴う変化）,決定する,67.0
対象の変化（主体の判断に伴う変化）,絞る,55.0
対象の変化（主体の判断に伴う変化）,規定する,49.0
対象の変化（主体の判断に伴う変化）,選定する,30.0
対象の変化（主体の判断に伴う変化）,開く,29.0
対象の変化（主体の判断に伴う変化）,調べる,26.0
対象の変化（主体の判断に伴う変化）,立てる,26.0
対象の変化（主体の判断に伴う変化）,合わせる,24.0
対象の変化（主体の判断に伴う変化）,選択する,23.0
対象の変化（主体の判断に伴う変化）,補正する,23.0
対象の変化（主体の判断に伴う変化）,行く,21.0
対象の変化（主体の判断に伴う変化）,採用する,18.0
対象の変化（主体の判断に伴う変化）,限る,15.0
対象の変化（主体の判断に伴う変化）,言う,14.0
対象の変化（主体の判断に伴う変化）,開放する,13.0
対象の変化（主体の判断に伴う変化）,抜き出す,13.0
対象の変化（主体の判断に伴う変化）,決まる,12.0
対象の変化（主体の判断に伴う変化）,分ける,10.0
対象の変化（主体の判断に伴う変化）,予定する,10.0
対象の変化（主体の判断に伴う変化）,サンプリングする,9.0
対象の変化（主体の判断に伴う変化）,調整する,8.0
対象の変化（主体の判断に伴う変化）,手入れする,8.0
対象の変化（主体の判断に伴う変化）,更新する,7.0
対象の変化（主体の判断に伴う変化）,処理する,6.0
対象の変化（主体の判断に伴う変化）,見極める,5.0
対象の変化（主体の判断に伴う変化）,組付ける,5.0
対象の変化（主体の判断に伴う変化）,組み付ける,5.0
対象の変化（主体の判断に伴う変化）,解決する,4.0
対象の変化（主体の判断に伴う変化）,修理する,4.0
対象の変化（主体の判断に伴う変化）,検証する,3.0
対象の変化（主体の判断に伴う変化）,打つ,3.0
対象の変化（主体の判断に伴う変化）,定める,3.0
対象の変化（主体の判断に伴う変化）,選ぶ,2.0
対象の変化（主体の判断に伴う変化）,落ち着く,2.0
対象の変化（主体の判断に伴う変化）,究明する,2.0
対象の変化（主体の判断に伴う変化）,改造する,2.0
対象の変化（主体の判断に伴う変化）,採る,2.0
対象の変化（主体の判断に伴う変化）,当たる,2.0
対象の変化（主体の判断に伴う変化）,引く,2.0
対象の変化（主体の判断に伴う変化）,取り上げる,2.0
対象の変化（主体の判断に伴う変化）,停める,2.0
対象の変化（主体の判断に伴う変化）,立つ,1.0
対象の変化（主体の判断に伴う変化）,確定する,1.0
対象の変化（主体の判断に伴う変化）,決める,1.0
対象の変化（主体の判断に伴う変化）,断定する,1.0
対象の変化（主体の判断に伴う変化）,故障する,1.0
対象の変化（主体の判断に伴う変化）,懸かる,1.0
対象の変化（主体の判断に伴う変化）,割れる,1.0
対象の変化（主体の判断に伴う変化）,ファイルする,1.0
対象の変化,良好,17963.0
対象の変化,可能,9505.0
対象の変化,低下する,4764.0
対象の変化,上昇する,3138.0
対象の変化,増加する,2924.0
対象の変化,厳しい,2816.0
対象の変化,減少する,2284.0
対象の変化,汚染する,1717.0
対象の変化,起こす,1474.0
対象の変化,清掃する,922.0
対象の変化,増大する,663.0
対象の変化,加える,647.0
対象の変化,均一,518.0
対象の変化,困難,493.0
対象の変化,反応する,456.0
対象の変化,粗い,442.0
対象の変化,引き起こす,424.0
対象の変化,発光する,366.0
対象の変化,加速する,355.0
対象の変化,非常,347.0
対象の変化,健全,300.0
対象の変化,軟化する,275.0
対象の変化,加わる,179.0
対象の変化,破断する,167.0
対象の変化,崩れる,167.0
対象の変化,適正,157.0
対象の変化,洗浄する,150.0
対象の変化,短縮する,149.0
対象の変化,不能,137.0
対象の変化,薄い,136.0
対象の変化,変色する,130.0
対象の変化,硬い,126.0
対象の変化,進める,125.0
対象の変化,酸化する,105.0
対象の変化,悪い,104.0
対象の変化,起きる,102.0
対象の変化,不良,101.0
対象の変化,切れる,96.0
対象の変化,溶解する,91.0
対象の変化,強化する,76.0
対象の変化,割る,74.0
対象の変化,切る,69.0
対象の変化,損傷する,64.0
対象の変化,向かう,64.0
対象の変化,絞る,55.0
対象の変化,焼損する,54.0
対象の変化,荒れる,52.0
対象の変化,切断する,52.0
対象の変化,破損する,40.0
対象の変化,増量する,39.0
対象の変化,早まる,37.0
対象の変化,まれ,37.0
対象の変化,下がる,36.0
対象の変化,燃焼する,35.0
対象の変化,なじむ,34.0
対象の変化,上げる,30.0
対象の変化,開く,29.0
対象の変化,跳ね上がる,28.0
対象の変化,立てる,26.0
対象の変化,緩やか,24.0
対象の変化,黒い,23.0
対象の変化,緩む,22.0
対象の変化,戻す,21.0
対象の変化,中和する,20.0
対象の変化,溶かす,19.0
対象の変化,最良,19.0
対象の変化,攪拌する,19.0
対象の変化,適当,18.0
対象の変化,溶融する,18.0
対象の変化,増やす,18.0
対象の変化,高まる,17.0
対象の変化,不具合,17.0
対象の変化,白濁する,16.0
対象の変化,広がる,16.0
対象の変化,加水分解する,15.0
対象の変化,難しい,14.0
対象の変化,上がる,14.0
対象の変化,開放する,13.0
対象の変化,危険,13.0
対象の変化,落とす,12.0
対象の変化,急上昇する,11.0
対象の変化,延長する,11.0
対象の変化,錆びる,10.0
対象の変化,赤みがかる,10.0
対象の変化,分ける,10.0
対象の変化,開ける,9.0
対象の変化,適切,9.0
対象の変化,不可能,9.0
対象の変化,下げる,9.0
対象の変化,あわ立つ,9.0
対象の変化,高める,8.0
対象の変化,結構,8.0
対象の変化,泡立つ,8.0
対象の変化,欠ける,8.0
対象の変化,拡大する,8.0
対象の変化,よい,7.0
対象の変化,過熱する,6.0
対象の変化,減る,6.0
対象の変化,早める,6.0
対象の変化,塞ぐ,6.0
対象の変化,圧縮する,6.0
対象の変化,そろう,6.0
対象の変化,減速する,5.0
対象の変化,普通,5.0
対象の変化,開閉する,4.0
対象の変化,緩める,4.0
対象の変化,粘い,4.0
対象の変化,着色する,4.0
対象の変化,潤滑,4.0
対象の変化,汚れる,4.0
対象の変化,放熱する,4.0
対象の変化,差し引く,4.0
対象の変化,増える,4.0
対象の変化,削る,4.0
対象の変化,傷つける,4.0
対象の変化,不向き,4.0
対象の変化,ばらつく,4.0
対象の変化,せん断する,4.0
対象の変化,緊急,3.0
対象の変化,最適,3.0
対象の変化,打つ,3.0
対象の変化,安全,3.0
対象の変化,大丈夫,3.0
対象の変化,変形する,3.0
対象の変化,増す,3.0
対象の変化,軽減する,2.0
対象の変化,赤い,2.0
対象の変化,詰まる,2.0
対象の変化,緩い,2.0
対象の変化,細密,2.0
対象の変化,破壊する,2.0
対象の変化,破る,2.0
対象の変化,濁る,2.0
対象の変化,柔らかい,2.0
対象の変化,曲げる,2.0
対象の変化,整える,2.0
対象の変化,掻く,2.0
対象の変化,引く,2.0
対象の変化,容易,2.0
対象の変化,妥当,2.0
対象の変化,倒れる,2.0
対象の変化,透明,1.0
対象の変化,込む,1.0
対象の変化,縮める,1.0
対象の変化,緩和する,1.0
対象の変化,締め付ける,1.0
対象の変化,結露する,1.0
対象の変化,拭く,1.0
対象の変化,懸かる,1.0
対象の変化,引き伸ばす,1.0
対象の変化,平滑,1.0
対象の変化,好ましい,1.0
対象の変化,向く,1.0
対象の変化,単純,1.0
対象の変化,割れる,1.0
対象の変化,冷却する,1.0
対象の変化,傾く,1.0
対象の変化,乾燥する,1.0
対象の変化,不適切,1.0
対象の変化,不調,1.0
対象の変化,さびる,1.0
対人・対物的動作,推奨する,16885.0
対人・対物的動作,噛む,8689.0
対人・対物的動作,見る,3194.0
対人・対物的動作,出る,3008.0
対人・対物的動作,摩耗する,2616.0
対人・対物的動作,違う,1467.0
対人・対物的動作,シビア,688.0
対人・対物的動作,接触する,385.0
対人・対物的動作,踏まえる,274.0
対人・対物的動作,過酷,184.0
対人・対物的動作,入れる,179.0
対人・対物的動作,切削する,142.0
対人・対物的動作,擦る,86.0
対人・対物的動作,噛み合う,81.0
対人・対物的動作,取る,80.0
対人・対物的動作,絞る,55.0
対人・対物的動作,迎える,43.0
対人・対物的動作,押す,34.0
対人・対物的動作,調べる,26.0
対人・対物的動作,立てる,26.0
対人・対物的動作,喰う,16.0
対人・対物的動作,下げる,9.0
対人・対物的動作,摩擦する,8.0
対人・対物的動作,弱い,8.0
対人・対物的動作,叩く,7.0
対人・対物的動作,頂く,5.0
対人・対物的動作,押し付ける,5.0
対人・対物的動作,助長する,4.0
対人・対物的動作,送る,3.0
対人・対物的動作,打つ,3.0
対人・対物的動作,激しい,2.0
対人・対物的動作,接する,2.0
対人・対物的動作,当てる,2.0
対人・対物的動作,当たる,2.0
対人・対物的動作,強力,2.0
対人・対物的動作,引く,2.0
対人・対物的動作,取り上げる,2.0
対人・対物的動作,触れる,1.0
対人・対物的動作,捕獲する,1.0
対人・対物的動作,押しつける,1.0
対人・対物的動作,懸かる,1.0
実行,する,5990.0
実行,行う,3954.0
実行,入れる,179.0
実行,取る,80.0
実行,開く,29.0
実行,発揮する,10.0
実行,及ぶ,6.0
実行,埋没する,4.0
実行,働く,4.0
実行,打つ,3.0
実行,徹底する,2.0
実行,優先する,2.0
実行,走る,1.0
変更,する,5990.0
変更,変化する,237.0
変更,移行する,124.0
変更,変更する,122.0
変更,換算する,100.0
変更,達する,84.0
変更,変わる,25.0
変更,流れる,9.0
変更,切り替える,2.0
変更,激変する,1.0
変更,変える,1.0
回復,回復する,13.0
回復,戻る,6.0
回復,復旧する,3.0
回復,生かす,1.0
反復・継続,継続する,3259.0
反復・継続,繰り返す,536.0
反復・継続,回転する,261.0
反復・継続,加わる,179.0
反復・継続,続ける,15.0
反復・継続,連続する,14.0
反復・継続,続く,13.0
反復・継続,持続する,5.0
反復・継続,引く,2.0
反復・継続,重ねる,1.0
動作の様態・程度,乗る,84.0
動作の様態・程度,切る,69.0
動作の様態・程度,含める,37.0
動作の様態・程度,代表する,32.0
動作の様態・程度,落とす,12.0
動作の様態・程度,揃える,4.0
動作の様態・程度,引く,2.0
動作の様態・程度,過ぎる,1.0
動作の様態・程度,走る,1.0
動作の様態の変化,切れる,96.0
動作の様態の変化,切る,69.0
動作の様態の変化,向ける,3.0
共同動作,伴う,467.0
共同動作,取る,80.0
共同動作,迎える,43.0
共同動作,合わせる,24.0
共同動作,続く,13.0
共同動作,持つ,13.0
共同動作,関係する,12.0
共同動作,下げる,9.0
共同動作,往復する,4.0
共同動作,共用する,4.0
共同動作,破る,2.0
使役,払う,166.0
使役,取る,80.0
使役,運転する,49.0
使役,巻く,11.0
使役,速める,2.0
使役,振る,2.0
使役,引く,2.0
位置変化,ある,62097.0
位置変化,推奨する,16885.0
位置変化,示す,16594.0
位置変化,高い,16006.0
位置変化,必要,13971.0
位置変化,超える,9304.0
位置変化,ない,8825.0
位置変化,混入する,8579.0
位置変化,できる,6696.0
位置変化,分かる,5568.0
位置変化,進行する,4904.0
位置変化,到達する,4885.0
位置変化,求める,3938.0
位置変化,進展する,3443.0
位置変化,出る,3008.0
位置変化,有用,2883.0
位置変化,下さる,2686.0
位置変化,押し込める,2591.0
位置変化,低い,2376.0
位置変化,知る,2292.0
位置変化,含む,2137.0
位置変化,生じる,2001.0
位置変化,発見する,1654.0
位置変化,小さい,1550.0
位置変化,速い,1539.0
位置変化,起こす,1474.0
位置変化,違う,1467.0
位置変化,劣化する,1322.0
位置変化,受ける,1242.0
位置変化,少ない,1211.0
位置変化,なくなる,1085.0
位置変化,設置する,1077.0
位置変化,塗布する,922.0
位置変化,沈降する,901.0
位置変化,多い,842.0
位置変化,速まる,743.0
位置変化,至る,711.0
位置変化,得る,704.0
位置変化,シビア,688.0
位置変化,濾過する,686.0
位置変化,集中する,682.0
位置変化,転がる,657.0
位置変化,加える,647.0
位置変化,入る,633.0
位置変化,生成する,631.0
位置変化,認める,577.0
位置変化,採取する,546.0
位置変化,除く,525.0
位置変化,大きい,519.0
位置変化,除去する,462.0
位置変化,深い,450.0
位置変化,把握する,438.0
位置変化,分散する,407.0
位置変化,現れる,345.0
位置変化,提案する,345.0
位置変化,なす,327.0
位置変化,入り込む,319.0
位置変化,追加する,314.0
位置変化,挙げる,285.0
位置変化,腐食する,278.0
位置変化,混在する,263.0
位置変化,致す,215.0
位置変化,加味する,207.0
位置変化,滞留する,205.0
位置変化,避ける,194.0
位置変化,早い,194.0
位置変化,呼ぶ,192.0
位置変化,過酷,184.0
位置変化,加わる,179.0
位置変化,入れる,179.0
位置変化,投与する,177.0
位置変化,添加する,176.0
位置変化,分離する,169.0
位置変化,払う,166.0
位置変化,補給する,164.0
位置変化,硬化する,159.0
位置変化,充填する,155.0
位置変化,抑える,141.0
位置変化,推移する,137.0
位置変化,軽微,136.0
位置変化,取り除く,130.0
位置変化,進める,125.0
位置変化,短い,119.0
位置変化,与える,119.0
位置変化,接合する,118.0
位置変化,導く,112.0
位置変化,つく,109.0
位置変化,埋め込む,108.0
位置変化,振れる,104.0
位置変化,十分,102.0
位置変化,排出する,100.0
位置変化,パスする,100.0
位置変化,付着する,99.0
位置変化,逆転する,98.0
位置変化,吸収する,96.0
位置変化,切れる,96.0
位置変化,残る,95.0
位置変化,記載する,94.0
位置変化,抜き取る,94.0
位置変化,剥離する,94.0
位置変化,遅い,93.0
位置変化,過大,88.0
位置変化,達する,84.0
位置変化,乗る,84.0
位置変化,外れる,83.0
位置変化,取る,80.0
位置変化,提供する,79.0
位置変化,下回る,79.0
位置変化,進む,75.0
位置変化,いる,75.0
位置変化,割る,74.0
位置変化,移送する,72.0
位置変化,浮遊する,70.0
位置変化,切る,69.0
位置変化,混ざる,67.0
位置変化,厚い,66.0
位置変化,向かう,64.0
位置変化,消耗する,61.0
位置変化,経る,57.0
位置変化,絞る,55.0
位置変化,少量,55.0
位置変化,寄与する,54.0
位置変化,申し上げる,53.0
位置変化,損する,51.0
位置変化,溜まる,50.0
位置変化,見える,49.0
位置変化,もつ,48.0
位置変化,長い,45.0
位置変化,報告する,45.0
位置変化,堆積する,44.0
位置変化,はずれる,40.0
位置変化,稼動する,39.0
位置変化,推進する,39.0
位置変化,早まる,37.0
位置変化,ころがる,37.0
位置変化,導入する,36.0
位置変化,下がる,36.0
位置変化,押す,34.0
位置変化,目詰まりする,33.0
位置変化,頂ける,30.0
位置変化,上げる,30.0
位置変化,不可欠,28.0
位置変化,沈殿する,27.0
位置変化,施す,27.0
位置変化,抜く,27.0
位置変化,通過する,26.0
位置変化,立てる,26.0
位置変化,常設する,26.0
位置変化,狭い,25.0
位置変化,上述する,24.0
位置変化,緩む,22.0
位置変化,吸着する,22.0
位置変化,行く,21.0
位置変化,給油する,21.0
位置変化,戻す,21.0
位置変化,漏れる,20.0
位置変化,滴下する,20.0
位置変化,反映する,20.0
位置変化,微小,19.0
位置変化,ござる,19.0
位置変化,不要,18.0
位置変化,有る,17.0
位置変化,述べる,16.0
位置変化,触れ回る,16.0
位置変化,広がる,16.0
位置変化,供給する,16.0
位置変化,ずれる,16.0
位置変化,える,16.0
位置変化,資する,15.0
位置変化,固着する,15.0
位置変化,ズレる,15.0
位置変化,言う,14.0
位置変化,膨張する,14.0
位置変化,組む,14.0
位置変化,排除する,14.0
位置変化,上がる,14.0
位置変化,とどまる,14.0
位置変化,転写する,13.0
位置変化,指示する,13.0
位置変化,抜き出す,13.0
位置変化,内在する,13.0
位置変化,とる,13.0
位置変化,あふれる,13.0
位置変化,落とす,12.0
位置変化,空く,12.0
位置変化,特筆する,12.0
位置変化,沈める,12.0
位置変化,押し出す,12.0
位置変化,回る,12.0
位置変化,吹き込む,12.0
位置変化,メッキする,12.0
位置変化,あげる,12.0
位置変化,食い込む,11.0
位置変化,飛散する,11.0
位置変化,顕著,11.0
位置変化,起動する,11.0
位置変化,止める,11.0
位置変化,微増する,11.0
位置変化,巻く,11.0
位置変化,介在する,11.0
位置変化,不安定,11.0
位置変化,かける,11.0
位置変化,織り込む,10.0
位置変化,炭化する,10.0
位置変化,沈む,10.0
位置変化,排する,10.0
位置変化,分ける,10.0
位置変化,偏る,10.0
位置変化,ぶれる,10.0
位置変化,つける,10.0
位置変化,開ける,9.0
位置変化,確保する,9.0
位置変化,流れる,9.0
位置変化,掬う,9.0
位置変化,取れる,9.0
位置変化,下げる,9.0
位置変化,はがれる,9.0
位置変化,さす,9.0
位置変化,説明する,8.0
位置変化,終息する,8.0
位置変化,流出する,8.0
位置変化,抽出する,8.0
位置変化,必須,8.0
位置変化,弱い,8.0
位置変化,遷移する,7.0
位置変化,誘発する,7.0
位置変化,落下する,7.0
位置変化,置換する,7.0
位置変化,突出する,7.0
位置変化,更新する,7.0
位置変化,急激,7.0
位置変化,微細,7.0
位置変化,叩く,7.0
位置変化,取り出す,7.0
位置変化,はらう,7.0
位置変化,負荷する,6.0
位置変化,著しい,6.0
位置変化,減圧する,6.0
位置変化,早める,6.0
位置変化,戻る,6.0
位置変化,巻き上げる,6.0
位置変化,塞ぐ,6.0
位置変化,及ぶ,6.0
位置変化,出す,6.0
位置変化,侵入する,6.0
位置変化,併用する,6.0
位置変化,シフトする,6.0
位置変化,さらす,6.0
位置変化,かみ合う,6.0
位置変化,頂く,5.0
位置変化,越える,5.0
位置変化,触診する,5.0
位置変化,裏付ける,5.0
位置変化,統一する,5.0
位置変化,添付する,5.0
位置変化,支える,5.0
位置変化,抜油する,5.0
位置変化,吸い込む,5.0
位置変化,取り直す,5.0
位置変化,取り付ける,5.0
位置変化,使う,5.0
位置変化,見直す,4.0
位置変化,見当たる,4.0
位置変化,緩める,4.0
位置変化,粘着する,4.0
位置変化,移す,4.0
位置変化,流れ落ちる,4.0
位置変化,放散する,4.0
位置変化,揃える,4.0
位置変化,外す,4.0
位置変化,埋没する,4.0
位置変化,回収する,4.0
位置変化,助長する,4.0
位置変化,削る,4.0
位置変化,到着する,4.0
位置変化,円滑,4.0
位置変化,偏在する,4.0
位置変化,不可避,4.0
位置変化,つくる,4.0
位置変化,頻繁,3.0
位置変化,頻発する,3.0
位置変化,零す,3.0
位置変化,重畳する,3.0
位置変化,進入する,3.0
位置変化,造る,3.0
位置変化,送付する,3.0
位置変化,送る,3.0
位置変化,蓄積する,3.0
位置変化,脱脂する,3.0
位置変化,残す,3.0
位置変化,揚げる,3.0
位置変化,打つ,3.0
位置変化,吸い上げる,3.0
位置変化,向ける,3.0
位置変化,取り外す,3.0
位置変化,加熱する,3.0
位置変化,凝集する,3.0
位置変化,伺う,3.0
位置変化,不十分,3.0
位置変化,さける,3.0
位置変化,駆動する,2.0
位置変化,離れる,2.0
位置変化,阻害する,2.0
位置変化,閉塞する,2.0
位置変化,鋳込む,2.0
位置変化,追いつく,2.0
位置変化,転じる,2.0
位置変化,詰まる,2.0
位置変化,記録する,2.0
位置変化,落ち着く,2.0
位置変化,繰る,2.0
位置変化,紹介する,2.0
位置変化,移動する,2.0
位置変化,破る,2.0
位置変化,留める,2.0
位置変化,現われる,2.0
位置変化,狭小,2.0
位置変化,激しい,2.0
位置変化,溢れる,2.0
位置変化,混水する,2.0
位置変化,流す,2.0
位置変化,来社する,2.0
位置変化,曲げる,2.0
位置変化,暗示する,2.0
位置変化,教える,2.0
位置変化,提示する,2.0
位置変化,接する,2.0
位置変化,採る,2.0
位置変化,振る,2.0
位置変化,拭き取る,2.0
位置変化,当てる,2.0
位置変化,当たる,2.0
位置変化,強力,2.0
位置変化,引く,2.0
位置変化,延ばす,2.0
位置変化,広い,2.0
位置変化,喪失する,2.0
位置変化,取り上げる,2.0
位置変化,取りやめる,2.0
位置変化,収集する,2.0
位置変化,勧める,2.0
位置変化,動く,2.0
位置変化,伝達する,2.0
位置変化,すくう,2.0
位置変化,いける,2.0
位置変化,過ぎる,1.0
位置変化,足る,1.0
位置変化,走る,1.0
位置変化,警告する,1.0
位置変化,詰る,1.0
位置変化,触れる,1.0
位置変化,覚える,1.0
位置変化,表示する,1.0
位置変化,累積する,1.0
位置変化,立つ,1.0
位置変化,積み上げる,1.0
位置変化,狭まる,1.0
位置変化,溶着する,1.0
位置変化,満つ,1.0
位置変化,渡る,1.0
位置変化,浮上する,1.0
位置変化,止まる,1.0
位置変化,極端,1.0
位置変化,来る,1.0
位置変化,捕獲する,1.0
位置変化,指摘する,1.0
位置変化,抜ける,1.0
位置変化,懸かる,1.0
位置変化,感知する,1.0
位置変化,引き伸ばす,1.0
位置変化,嵌る,1.0
位置変化,届く,1.0
位置変化,埋まる,1.0
位置変化,固定する,1.0
位置変化,囲う,1.0
位置変化,回す,1.0
位置変化,吹き付ける,1.0
位置変化,向く,1.0
位置変化,取得する,1.0
位置変化,収まる,1.0
位置変化,傾く,1.0
位置変化,備える,1.0
位置変化,伝わる,1.0
位置変化,並ぶ,1.0
位置変化,なだらか,1.0
位置変化,とれる,1.0
位置変化,つぐ,1.0
位置変化,つかむ,1.0
位置変化,ためる,1.0
位置変化,すく,1.0
位置変化,くる,1.0
位置,出る,3008.0
位置,存在する,804.0
位置,転がる,657.0
位置,残存する,277.0
位置,抜く,27.0
位置,立てる,26.0
位置,望む,14.0
位置,分布する,6.0
位置,頂く,5.0
位置,接する,2.0
位置,位置する,2.0
位置,走る,1.0
位置,立つ,1.0
位置,渡る,1.0
位置,届く,1.0
他者の行為に対する希望・待機,求める,3938.0
他者の行為に対する希望・待機,要する,48.0
他者の行為に対する希望・待機,望む,14.0
他者の行為に対する希望・待機,願う,12.0
他者の行為に対する希望・待機,期待する,1.0
他者の行為に対する希望・待機,待つ,1.0
他者に動作を促す動作,確認する,28806.0
他者に動作を促す動作,求める,3938.0
他者に動作を促す動作,出る,3008.0
他者に動作を促す動作,注意する,362.0
他者に動作を促す動作,呼ぶ,192.0
他者に動作を促す動作,指示する,13.0
他者に動作を促す動作,願う,12.0
他者に動作を促す動作,依頼する,6.0
他者に動作を促す動作,押し付ける,5.0
他者に動作を促す動作,伺う,3.0
他者に動作を促す動作,相談する,2.0
他者に動作を促す動作,引く,2.0
他者に動作を促す動作,勧める,2.0
交換,する,5990.0
交換,交換する,373.0
交換,入れ替わる,276.0
交換,崩れる,167.0
交換,入替る,94.0
交換,割る,74.0
交換,入れ替える,51.0
交換,取替える,21.0
交換,取り替える,16.0
主体の状態変化のための動作,見る,3194.0
主体の状態変化のための動作,導く,112.0
主体の状態変化のための動作,経験する,98.0
主体の状態変化のための動作,図る,26.0
主体の状態変化のための動作,工夫する,6.0
主体の状態変化のための動作,当たる,2.0
主体の状態変化のための動作,触れる,1.0
主体の状態変化のための動作,積み上げる,1.0
主体の性質,分かる,5568.0
主体の性質,出来る,1280.0
主体の性質,切れる,96.0
主体の性質,進む,75.0
主体の性質,見える,49.0
主体の性質,無害,26.0
主体の性質,持つ,13.0
主体の性質,回る,12.0
主体の性質,優れる,5.0
主体の性質,位置する,2.0
主体の性質,立つ,1.0
主体の性質,属する,1.0
主体の性質,向く,1.0
主体の性質,備える,1.0
主体の変化（判断・認識の変化）,判断する,42270.0
主体の変化（判断・認識の変化）,推定する,7400.0
主体の変化（判断・認識の変化）,する,5990.0
主体の変化（判断・認識の変化）,思う,4595.0
主体の変化（判断・認識の変化）,見る,3194.0
主体の変化（判断・認識の変化）,計算する,1889.0
主体の変化（判断・認識の変化）,仮定する,1754.0
主体の変化（判断・認識の変化）,受ける,1242.0
主体の変化（判断・認識の変化）,認める,577.0
主体の変化（判断・認識の変化）,予測する,402.0
主体の変化（判断・認識の変化）,予想する,119.0
主体の変化（判断・認識の変化）,取る,80.0
主体の変化（判断・認識の変化）,チェックする,64.0
主体の変化（判断・認識の変化）,見える,49.0
主体の変化（判断・認識の変化）,廃油する,46.0
主体の変化（判断・認識の変化）,推測する,43.0
主体の変化（判断・認識の変化）,押す,34.0
主体の変化（判断・認識の変化）,見極める,5.0
主体の変化（判断・認識の変化）,見直す,4.0
主体の変化（判断・認識の変化）,予知する,4.0
主体の変化（判断・認識の変化）,重視する,3.0
主体の変化（判断・認識の変化）,識別する,3.0
主体の変化（判断・認識の変化）,予期する,2.0
主体の変化（判断・認識の変化）,認識する,1.0
主体の変化（判断・認識の変化）,立つ,1.0
主体の変化（判断・認識の変化）,決める,1.0
主体の変化（判断・認識の変化）,当てはめる,1.0
主体の変化（判断・認識の変化）,判別する,1.0
主体の変化（判断・認識の変化）,傾く,1.0
主体の変化,良好,17963.0
主体の変化,推奨する,16885.0
主体の変化,可能,9505.0
主体の変化,噛む,8689.0
主体の変化,用いる,7435.0
主体の変化,する,5990.0
主体の変化,出る,3008.0
主体の変化,厳しい,2816.0
主体の変化,知る,2292.0
主体の変化,含む,2137.0
主体の変化,示唆する,2100.0
主体の変化,不明,1815.0
主体の変化,小さい,1550.0
主体の変化,速い,1539.0
主体の変化,起こす,1474.0
主体の変化,受ける,1242.0
主体の変化,速まる,743.0
主体の変化,シビア,688.0
主体の変化,転がる,657.0
主体の変化,加える,647.0
主体の変化,入る,633.0
主体の変化,起算する,556.0
主体の変化,除く,525.0
主体の変化,大きい,519.0
主体の変化,均一,518.0
主体の変化,困難,493.0
主体の変化,みる,459.0
主体の変化,捕捉する,452.0
主体の変化,繋がる,442.0
主体の変化,粗い,442.0
主体の変化,想定する,414.0
主体の変化,発光する,366.0
主体の変化,非常,347.0
主体の変化,健全,300.0
主体の変化,軟化する,275.0
主体の変化,成長する,241.0
主体の変化,析出する,216.0
主体の変化,致す,215.0
主体の変化,早い,194.0
主体の変化,過酷,184.0
主体の変化,加わる,179.0
主体の変化,入れる,179.0
主体の変化,望ましい,164.0
主体の変化,適正,157.0
主体の変化,明らか,149.0
主体の変化,不能,137.0
主体の変化,薄い,136.0
主体の変化,疲労する,136.0
主体の変化,硬い,126.0
主体の変化,進める,125.0
主体の変化,試算する,122.0
主体の変化,導く,112.0
主体の変化,悪い,104.0
主体の変化,起きる,102.0
主体の変化,不良,101.0
主体の変化,パスする,100.0
主体の変化,吸収する,96.0
主体の変化,遅い,93.0
主体の変化,達する,84.0
主体の変化,乗る,84.0
主体の変化,取る,80.0
主体の変化,進む,75.0
主体の変化,損傷する,64.0
主体の変化,誤る,62.0
主体の変化,大切,61.0
主体の変化,散見する,53.0
主体の変化,荒れる,52.0
主体の変化,積算する,48.0
主体の変化,表す,47.0
主体の変化,迎える,43.0
主体の変化,まれ,37.0
主体の変化,なじむ,34.0
主体の変化,正確,33.0
主体の変化,いえる,33.0
主体の変化,上げる,30.0
主体の変化,抜く,27.0
主体の変化,通過する,26.0
主体の変化,立てる,26.0
主体の変化,剥がれる,26.0
主体の変化,緩やか,24.0
主体の変化,策定する,24.0
主体の変化,黒い,23.0
主体の変化,緩む,22.0
主体の変化,行く,21.0
主体の変化,消える,21.0
主体の変化,漏れる,20.0
主体の変化,最良,19.0
主体の変化,攪拌する,19.0
主体の変化,適当,18.0
主体の変化,脱落する,18.0
主体の変化,不具合,17.0
主体の変化,かかる,17.0
主体の変化,白濁する,16.0
主体の変化,注視する,16.0
主体の変化,勘案する,16.0
主体の変化,難しい,14.0
主体の変化,上がる,14.0
主体の変化,持つ,13.0
主体の変化,危険,13.0
主体の変化,はかる,13.0
主体の変化,落とす,12.0
主体の変化,空く,12.0
主体の変化,発熱する,12.0
主体の変化,凹む,12.0
主体の変化,除する,11.0
主体の変化,ゆるむ,11.0
主体の変化,錆びる,10.0
主体の変化,赤みがかる,10.0
主体の変化,沈む,10.0
主体の変化,推し量る,10.0
主体の変化,適切,9.0
主体の変化,誤認する,9.0
主体の変化,気掛かり,9.0
主体の変化,捕らえる,9.0
主体の変化,不可能,9.0
主体の変化,さす,9.0
主体の変化,結構,8.0
主体の変化,留意する,8.0
主体の変化,概算する,8.0
主体の変化,明確,8.0
主体の変化,大別する,7.0
主体の変化,よい,7.0
主体の変化,はらう,7.0
主体の変化,露出する,6.0
主体の変化,負荷する,6.0
主体の変化,粗大,6.0
主体の変化,減る,6.0
主体の変化,塞ぐ,6.0
主体の変化,出す,6.0
主体の変化,そろう,6.0
主体の変化,普通,5.0
主体の変化,支える,5.0
主体の変化,受け持つ,5.0
主体の変化,まがる,5.0
主体の変化,見直す,4.0
主体の変化,粘い,4.0
主体の変化,移す,4.0
主体の変化,潤滑,4.0
主体の変化,汚れる,4.0
主体の変化,外す,4.0
主体の変化,助長する,4.0
主体の変化,再考する,4.0
主体の変化,傷つける,4.0
主体の変化,不向き,4.0
主体の変化,頻繁,3.0
主体の変化,詳細,3.0
主体の変化,緊急,3.0
主体の変化,着目する,3.0
主体の変化,最適,3.0
主体の変化,打つ,3.0
主体の変化,安全,3.0
主体の変化,大丈夫,3.0
主体の変化,かじる,3.0
主体の変化,赤い,2.0
主体の変化,講じる,2.0
主体の変化,繰る,2.0
主体の変化,緩い,2.0
主体の変化,細密,2.0
主体の変化,柔らかい,2.0
主体の変化,曲げる,2.0
主体の変化,暗示する,2.0
主体の変化,推算する,2.0
主体の変化,接する,2.0
主体の変化,振る,2.0
主体の変化,当てる,2.0
主体の変化,当たる,2.0
主体の変化,引く,2.0
主体の変化,延ばす,2.0
主体の変化,帯びる,2.0
主体の変化,導出する,2.0
主体の変化,容易,2.0
主体の変化,妥当,2.0
主体の変化,同定する,2.0
主体の変化,動く,2.0
主体の変化,削れる,2.0
主体の変化,倒れる,2.0
主体の変化,倍する,2.0
主体の変化,透明,1.0
主体の変化,込む,1.0
主体の変化,走る,1.0
主体の変化,見計らう,1.0
主体の変化,見受ける,1.0
主体の変化,締め付ける,1.0
主体の変化,立つ,1.0
主体の変化,生かす,1.0
主体の変化,浮上する,1.0
主体の変化,止まる,1.0
主体の変化,来る,1.0
主体の変化,捕獲する,1.0
主体の変化,抜ける,1.0
主体の変化,懸かる,1.0
主体の変化,平滑,1.0
主体の変化,好ましい,1.0
主体の変化,吹き付ける,1.0
主体の変化,収まる,1.0
主体の変化,単純,1.0
主体の変化,則る,1.0
主体の変化,不適切,1.0
主体の変化,不調,1.0
主体の変化,さびる,1.0
その他の変化,残留する,1283.0
その他の変化,受ける,1242.0
その他の変化,得る,704.0
その他の変化,加える,647.0
その他の変化,及ぼす,123.0
その他の変化,与える,119.0
その他の変化,影響する,101.0
その他の変化,残る,95.0
その他の変化,沈む,10.0
その他の変化,左右する,5.0
その他の変化,揃える,4.0
その他の変化,働く,4.0
その他の変化,残す,3.0
その他の変化,準備する,2.0
その他の変化,触れる,1.0
その他の変化,懸かる,1.0
その他の動作,出る,3008.0
その他の動作,切る,69.0
その他の動作,出す,6.0
その他の動作,打つ,3.0
